序号,学校名称,学校标识码,主管部门,所在地,办学层次,备注
68,北京工业职业技术学院,4111010853,北京市,北京市,专科,
69,北京信息职业技术学院,4111010857,北京市,北京市,专科,
70,北京电子科技职业学院,4111010858,北京市,北京市,专科,
71,北京京北职业技术学院,4111011090,北京市,北京市,专科,
72,北京交通职业技术学院,4111011092,北京市,北京市,专科,
73,北京青年政治学院,4111011626,北京市,北京市,专科,
74,北京农业职业学院,4111012448,北京市,北京市,专科,
75,北京政法职业学院,4111012451,北京市,北京市,专科,
76,北京财贸职业学院,4111012561,北京市,北京市,专科,
77,北京北大方正软件职业技术学院,4111012564,北京市教委,北京市,专科,民办
78,北京经贸职业学院,4111012565,北京市教委,北京市,专科,民办
79,北京经济技术职业学院,4111012566,北京市教委,北京市,专科,民办
80,北京戏曲艺术职业学院,4111012567,北京市,北京市,专科,
81,北京汇佳职业学院,4111012568,北京市教委,北京市,专科,民办
82,北京科技经营管理学院,4111012733,北京市教委,北京市,专科,民办
83,北京科技职业学院,4111013703,北京市教委,北京市,专科,民办
84,北京培黎职业学院,4111013728,北京市教委,北京市,专科,民办
85,北京经济管理职业学院,4111014073,北京市,北京市,专科,
86,北京劳动保障职业学院,4111014075,北京市,北京市,专科,
87,北京社会管理职业学院,4111014139,北京市,北京市,专科,
88,北京艺术传媒职业学院,4111014140,北京市教委,北京市,专科,民办
89,北京体育职业学院,4111014215,北京市,北京市,专科,
90,北京交通运输职业学院,4111014279,北京市,北京市,专科,
91,北京卫生职业学院,4111014395,北京市,北京市,专科,
92,北京网络职业学院,4111014588,北京市教委,北京市,专科,民办
123,天津市职业大学,4112011032,天津市,天津市,专科,
124,天津滨海职业学院,4112012484,天津市,天津市,专科,
125,天津工程职业技术学院,4112012487,天津市,天津市,专科,
126,天津渤海职业技术学院,4112012719,天津市,天津市,专科,
127,天津电子信息职业技术学院,4112012720,天津市,天津市,专科,
128,天津机电职业技术学院,4112012721,天津市,天津市,专科,
129,天津现代职业技术学院,4112012722,天津市,天津市,专科,
130,天津公安警官职业学院,4112012723,天津市,天津市,专科,
131,天津轻工职业技术学院,4112012732,天津市,天津市,专科,
132,天津商务职业学院,4112012788,天津市,天津市,专科,
133,天津国土资源和房屋职业学院,4112012803,天津市,天津市,专科,
134,天津医学高等专科学校,4112012880,天津市,天津市,专科,
135,天津开发区职业技术学院,4112012881,天津市,天津市,专科,
136,天津艺术职业学院,4112012882,天津市,天津市,专科,
137,天津交通职业学院,4112012883,天津市,天津市,专科,
138,天津工业职业学院,4112013700,天津市,天津市,专科,
139,天津石油职业技术学院,4112013701,天津市,天津市,专科,
140,天津城市职业学院,4112013702,天津市,天津市,专科,
141,天津铁道职业技术学院,4112013863,天津市,天津市,专科,
142,天津工艺美术职业学院,4112013911,天津市,天津市,专科,
143,天津城市建设管理职业技术学院,4112014020,天津市,天津市,专科,
144,天津生物工程职业技术学院,4112014021,天津市,天津市,专科,
145,天津海运职业学院,4112014022,天津市,天津市,专科,
146,天津广播影视职业学院,4112014102,天津市,天津市,专科,
147,天津体育职业学院,4112014599,天津市,天津市,专科,
148,天津滨海汽车工程职业学院,4112014600,天津市教委,天津市,专科,民办
210,邯郸职业技术学院,4113011034,河北省,邯郸市,专科,
211,石家庄职业技术学院,4113011238,河北省,石家庄市,专科,
212,张家口职业技术学院,4113011423,河北省,张家口市,专科,
213,河北软件职业技术学院,4113012352,河北省,保定市,专科,
214,河北石油职业技术学院,4113012367,河北省,廊坊市,专科,
215,河北建材职业技术学院,4113012389,河北省,秦皇岛市,专科,
216,河北政法职业学院,4113012408,河北省,石家庄市,专科,
217,沧州职业技术学院,4113012415,河北省,沧州市,专科,
218,河北能源职业技术学院,4113012418,河北省,唐山市,专科,
219,石家庄铁路职业技术学院,4113012424,河北省,石家庄市,专科,
220,保定职业技术学院,4113012543,河北省,保定市,专科,
221,秦皇岛职业技术学院,4113012773,河北省,秦皇岛市,专科,
222,石家庄工程职业学院,4113012782,河北省教育厅,石家庄市,专科,民办
223,石家庄城市经济职业学院,4113012783,河北省教育厅,石家庄市,专科,民办
224,唐山职业技术学院,4113012785,河北省,唐山市,专科,
225,衡水职业技术学院,4113012786,河北省,衡水市,专科,
226,唐山工业职业技术学院,4113012787,河北省,唐山市,专科,
227,邢台医学高等专科学校,4113012884,河北省,邢台市,专科,
228,河北艺术职业学院,4113012885,河北省,石家庄市,专科,
229,河北旅游职业学院,4113012887,河北省,承德市,专科,
230,石家庄财经职业学院,4113013070,河北省教育厅,石家庄市,专科,民办
231,河北交通职业技术学院,4113013071,河北省,石家庄市,专科,
232,河北化工医药职业技术学院,4113013072,河北省,石家庄市,专科,
233,石家庄信息工程职业学院,4113013073,河北省,石家庄市,专科,
234,河北对外经贸职业学院,4113013074,河北省,秦皇岛市,专科,
235,保定电力职业技术学院,4113013392,河北省,保定市,专科,
236,河北机电职业技术学院,4113013393,河北省,邢台市,专科,
237,渤海石油职业学院,4113013394,河北省,沧州市,专科,
238,廊坊职业技术学院,4113013395,河北省,廊坊市,专科,
239,唐山科技职业技术学院,4113013396,河北省,唐山市,专科,
240,石家庄邮电职业技术学院,4113013397,河北省,石家庄市,专科,
241,河北公安警察职业学院,4113013398,河北省,石家庄市,专科,
242,石家庄工商职业学院,4113013399,河北省教育厅,石家庄市,专科,民办
243,石家庄理工职业学院,4113013400,河北省教育厅,石家庄市,专科,民办
244,石家庄科技信息职业学院,4113013403,河北省教育厅,石家庄市,专科,民办
245,河北司法警官职业学院,4113013690,河北省,邯郸市,专科,
246,沧州医学高等专科学校,4113013779,河北省,沧州市,专科,
247,河北女子职业技术学院,4113013822,河北省,石家庄市,专科,
248,石家庄医学高等专科学校,4113014018,河北省教育厅,石家庄市,专科,民办
249,石家庄经济职业学院,4113014047,河北省教育厅,石家庄市,专科,民办
250,冀中职业学院,4113014103,河北省,保定市,专科,
251,石家庄人民医学高等专科学校,4113014158,河北省教育厅,石家庄市,专科,民办
252,河北正定师范高等专科学校,4113014185,河北省,石家庄市,专科,
253,河北劳动关系职业学院,4113014208,河北省,石家庄市,专科,
254,石家庄科技职业学院,4113014213,河北省教育厅,石家庄市,专科,民办
255,沧州幼儿师范高等专科学校,4113014259,河北省,沧州市,专科,
256,宣化科技职业学院,4113014260,河北省,张家口市,专科,
257,廊坊燕京职业技术学院,4113014280,河北省,廊坊市,专科,
258,承德护理职业学院,4113014281,河北省,承德市,专科,
259,石家庄幼儿师范高等专科学校,4113014328,河北省,石家庄市,专科,
260,廊坊卫生职业学院,4113014335,河北省,廊坊市,专科,
261,河北轨道运输职业技术学院,4113014396,河北省,石家庄市,专科,
262,保定幼儿师范高等专科学校,4113014460,河北省,保定市,专科,
263,河北工艺美术职业学院,4113014471,河北省,保定市,专科,
264,渤海理工职业学院,4113014472,河北省教育厅,沧州市,专科,民办
265,唐山幼儿师范高等专科学校,4113014586,河北省,唐山市,专科,
266,曹妃甸职业技术学院,4113014601,河北省教育厅,唐山市,专科,民办
267,承德应用技术职业学院,4113014632,河北省,承德市,专科,
268,邯郸幼儿师范高等专科学校,4113014686,河北省,邯郸市,专科,
269,邯郸科技职业学院,4113014695,河北省,邯郸市,专科,
270,唐山海运职业学院,4113014696,河北省教育厅,唐山市,专科,民办
271,邢台应用技术职业学院,4113014742,河北省教育厅,邢台市,专科,民办
306,山西省财政税务专科学校,4114011630,山西省,太原市,专科,
307,长治职业技术学院,4114012388,山西省,长治市,专科,
308,山西艺术职业学院,4114012704,山西省,太原市,专科,
309,晋城职业技术学院,4114012774,山西省,晋城市,专科,
310,山西药科职业学院,4114012776,山西省,太原市,专科,
311,大同煤炭职业技术学院,4114012780,山西省,大同市,专科,
312,山西机电职业技术学院,4114012888,山西省,长治市,专科,
313,山西财贸职业技术学院,4114012890,山西省,太原市,专科,
314,山西林业职业技术学院,4114012891,山西省,太原市,专科,
315,山西水利职业技术学院,4114012892,山西省,运城市,专科,
316,阳泉职业技术学院,4114012893,山西省,阳泉市,专科,
317,临汾职业技术学院,4114013171,山西省,临汾市,专科,
318,山西职业技术学院,4114013528,山西省,太原市,专科,
319,山西金融职业学院,4114013530,山西省,太原市,专科,
320,太原城市职业技术学院,4114013532,山西省,太原市,专科,
321,山西信息职业技术学院,4114013541,山西省教育厅,临汾市,专科,民办
322,山西体育职业学院,4114013692,山西省,太原市,专科,
323,山西警官职业学院,4114013693,山西省,太原市,专科,
324,山西国际商务职业学院,4114013694,山西省,太原市,专科,
325,潞安职业技术学院,4114013695,山西省,长治市,专科,
326,太原旅游职业学院,4114013696,山西省,太原市,专科,
327,山西旅游职业学院,4114013697,山西省,太原市,专科,
328,山西管理职业学院,4114013698,山西省,临汾市,专科,
329,山西电力职业技术学院,4114013745,山西省,太原市,专科,
330,忻州职业技术学院,4114013821,山西省,忻州市,专科,
331,山西同文职业技术学院,4114013862,山西省教育厅,晋中市,专科,民办
332,晋中职业技术学院,4114013913,山西省,晋中市,专科,
333,山西华澳商贸职业学院,4114013914,山西省教育厅,晋中市,专科,民办
334,山西运城农业职业技术学院,4114013934,山西省,运城市,专科,
335,运城幼儿师范高等专科学校,4114014093,山西省,运城市,专科,
336,山西老区职业技术学院,4114014105,山西省教育厅,太原市,专科,民办
337,山西经贸职业学院,4114014177,山西省,太原市,专科,
338,朔州职业技术学院,4114014186,山西省,朔州市,专科,
339,山西铁道职业技术学院,4114014247,山西省,太原市,专科,
340,晋中师范高等专科学校,4114014270,山西省,晋中市,专科,
341,阳泉师范高等专科学校,4114014271,山西省,阳泉市,专科,
342,山西青年职业学院,4114014336,山西省,太原市,专科,
343,运城护理职业学院,4114014397,山西省,运城市,专科,
344,运城师范高等专科学校,4114014461,山西省,运城市,专科,
345,朔州师范高等专科学校,4114014462,山西省,朔州市,专科,
346,吕梁职业技术学院,4114014500,山西省,吕梁市,专科,
347,大同师范高等专科学校,4114014627,山西省,大同市,专科,
348,太原幼儿师范高等专科学校,4114014628,山西省,太原市,专科,
349,山西工程职业学院,4114014681,山西省,太原市,专科,
350,长治幼儿师范高等专科学校,4114014687,山西省,长治市,专科,
351,山西通用航空职业技术学院,4114014697,山西省,大同市,专科,
352,朔州陶瓷职业技术学院,4114014698,山西省,朔州市,专科,
353,山西卫生健康职业学院,4214050166,山西省,太原市,专科,
371,内蒙古建筑职业技术学院,4115010871,内蒙古自治区,呼和浩特市,专科,
372,内蒙古丰州职业学院,4115011429,内蒙古自治区教育厅,呼和浩特市,专科,民办
373,包头职业技术学院,4115012057,内蒙古自治区,包头市,专科,
374,兴安职业技术学院,4115012443,内蒙古自治区,兴安盟,专科,
375,呼和浩特职业学院,4115012670,内蒙古自治区,呼和浩特市,专科,
376,包头轻工职业技术学院,4115012671,内蒙古自治区,包头市,专科,
377,内蒙古电子信息职业技术学院,4115012673,内蒙古自治区,呼和浩特市,专科,
378,内蒙古机电职业技术学院,4115012674,内蒙古自治区,呼和浩特市,专科,
379,内蒙古化工职业学院,4115012675,内蒙古自治区,呼和浩特市,专科,
380,内蒙古商贸职业学院,4115012676,内蒙古自治区,呼和浩特市,专科,
381,锡林郭勒职业学院,4115012677,内蒙古自治区,锡林郭勒盟,专科,
382,内蒙古警察职业学院,4115012797,内蒙古自治区,呼和浩特市,专科,
383,内蒙古体育职业学院,4115012894,内蒙古自治区,呼和浩特市,专科,
384,乌兰察布职业学院,4115013699,内蒙古自治区,乌兰察布市,专科,
385,通辽职业学院,4115013740,内蒙古自治区,通辽市,专科,
386,科尔沁艺术职业学院,4115013741,内蒙古自治区,通辽市,专科,
387,内蒙古交通职业技术学院,4115013824,内蒙古自治区,赤峰市,专科,
388,包头钢铁职业技术学院,4115013864,内蒙古自治区,包头市,专科,
389,乌海职业技术学院,4115013915,内蒙古自治区,乌海市,专科,
390,内蒙古科技职业学院,4115014048,内蒙古自治区教育厅,呼和浩特市,专科,民办
391,内蒙古北方职业技术学院,4115014049,内蒙古自治区教育厅,呼和浩特市,专科,民办
392,赤峰职业技术学院,4115014050,内蒙古自治区教育厅,赤峰市,专科,民办
393,内蒙古经贸外语职业学院,4115014051,内蒙古自治区教育厅,呼和浩特市,专科,民办
394,包头铁道职业技术学院,4115014187,内蒙古自治区,包头市,专科,
395,乌兰察布医学高等专科学校,4115014219,内蒙古自治区,乌兰察布市,专科,
396,鄂尔多斯职业学院,4115014248,内蒙古自治区,鄂尔多斯市,专科,
397,内蒙古工业职业学院,4115014282,内蒙古自治区教育厅,呼和浩特市,专科,民办
398,呼伦贝尔职业技术学院,4115014283,内蒙古自治区,呼伦贝尔市,专科,
399,满洲里俄语职业学院,4115014285,内蒙古自治区,呼伦贝尔市,专科,
400,内蒙古能源职业学院,4115014337,内蒙古自治区教育厅,呼和浩特市,专科,民办
401,赤峰工业职业技术学院,4115014338,内蒙古自治区,赤峰市,专科,
402,阿拉善职业技术学院,4115014339,内蒙古自治区,阿拉善盟,专科,
403,内蒙古美术职业学院,4115014387,内蒙古自治区教育厅,巴彦淖尔市,专科,民办
404,内蒙古民族幼儿师范高等专科学校,4115014463,内蒙古自治区,鄂尔多斯市,专科,
405,鄂尔多斯生态环境职业学院,4115014501,内蒙古自治区,鄂尔多斯市,专科,
406,扎兰屯职业学院,4115014539,内蒙古自治区,呼伦贝尔市,专科,
407,赤峰应用技术职业学院,4115014699,内蒙古自治区,赤峰市,专科,
471,朝阳师范高等专科学校,4121010171,辽宁省,朝阳市,专科,
472,抚顺师范高等专科学校,4121010179,辽宁省,抚顺市,专科,
473,锦州师范高等专科学校,4121010180,辽宁省,锦州市,专科,
474,营口职业技术学院,4121010181,辽宁省,营口市,专科,
475,铁岭师范高等专科学校,4121010182,辽宁省,铁岭市,专科,
476,大连职业技术学院,4121010845,辽宁省,大连市,专科,
477,辽宁农业职业技术学院,4121010957,辽宁省,营口市,专科,
478,抚顺职业技术学院,4121011037,辽宁省,抚顺市,专科,
479,辽阳职业技术学院,4121011249,辽宁省,辽阳市,专科,
480,阜新高等专科学校,4121011250,辽宁省,阜新市,专科,
481,辽宁省交通高等专科学校,4121011500,辽宁省,沈阳市,专科,
482,辽宁税务高等专科学校,4121011735,辽宁省,大连市,专科,
483,盘锦职业技术学院,4121012063,辽宁省,盘锦市,专科,
484,沈阳航空职业技术学院,4121012590,辽宁省,沈阳市,专科,
485,辽宁体育运动职业技术学院,4121012591,辽宁省,沈阳市,专科,
486,辽宁职业学院,4121012592,辽宁省,铁岭市,专科,
487,辽宁生态工程职业学院,4121012593,辽宁省,沈阳市,专科,
488,沈阳职业技术学院,4121012594,辽宁省,沈阳市,专科,
489,大连商务职业学院,4121012730,辽宁省教育厅,大连市,专科,民办
490,辽宁金融职业学院,4121012895,辽宁省,沈阳市,专科,
491,辽宁轨道交通职业学院,4121012896,辽宁省,沈阳市,专科,
492,辽宁广告职业学院,4121012897,辽宁省教育厅,沈阳市,专科,民办
493,辽宁机电职业技术学院,4121012898,辽宁省,丹东市,专科,
494,辽宁经济职业技术学院,4121012899,辽宁省,沈阳市,专科,
495,辽宁石化职业技术学院,4121012900,辽宁省,锦州市,专科,
496,渤海船舶职业学院 ,4121012931,辽宁省,葫芦岛市,专科,
497,大连软件职业学院,4121013958,辽宁省教育厅,大连市,专科,民办
498,大连翻译职业学院,4121013959,辽宁省教育厅,大连市,专科,民办
499,辽宁商贸职业学院,4121013960,辽宁省,沈阳市,专科,
500,大连枫叶职业技术学院,4121013961,辽宁省教育厅,大连市,专科,民办
501,辽宁装备制造职业技术学院,4121014076,辽宁省,沈阳市,专科,
502,辽河石油职业技术学院,4121014077,辽宁省,盘锦市,专科,
503,辽宁地质工程职业学院,4121014106,辽宁省,丹东市,专科,
504,辽宁铁道职业技术学院,4121014188,辽宁省,锦州市,专科,
505,辽宁建筑职业学院,4121014189,辽宁省,辽阳市,专科,
506,大连航运职业技术学院,4121014209,辽宁省教育厅,大连市,专科,民办
507,大连装备制造职业技术学院,4121014227,辽宁省教育厅,大连市,专科,民办
508,大连汽车职业技术学院,4121014228,辽宁省教育厅,大连市,专科,民办
509,辽宁现代服务职业技术学院,4121014240,辽宁省,沈阳市,专科,
510,辽宁冶金职业技术学院,4121014286,辽宁省,本溪市,专科,
511,辽宁工程职业学院,4121014287,辽宁省,铁岭市,专科,
512,辽宁城市建设职业技术学院,4121014288,辽宁省,沈阳市,专科,
513,辽宁医药职业学院,4121014289,辽宁省,沈阳市,专科,
514,铁岭卫生职业学院,4121014290,辽宁省,铁岭市,专科,
515,沈阳北软信息职业技术学院,4121014385,辽宁省教育厅,沈阳市,专科,民办
516,辽宁政法职业学院,4121014398,辽宁省,沈阳市,专科,
517,辽宁民族师范高等专科学校,4121014464,辽宁省,沈阳市,专科,
518,辽宁轻工职业学院,4121014473,辽宁省,大连市,专科,
519,辽宁特殊教育师范高等专科学校,4121014526,辽宁省,沈阳市,专科,
520,辽宁师范高等专科学校,4121014662,辽宁省,沈阳市,专科,
521,鞍山职业技术学院,4121014700,辽宁省,鞍山市,专科,
559,长春师范高等专科学校,3622000335,吉林省,长春市,专科,
560,辽源职业技术学院,4122010847,吉林省,辽源市,专科,
561,四平职业大学,4122011044,吉林省,四平市,专科,
562,长春汽车工业高等专科学校,4122011436,吉林省,长春市,专科,
563,长春金融高等专科学校,4122011440,吉林省,长春市,专科,
564,长春医学高等专科学校,4122011823,吉林省,长春市,专科,
565,吉林交通职业技术学院,4122012049,吉林省,长春市,专科,
566,长春东方职业学院,4122012306,吉林省教育厅,长春市,专科,民办
567,吉林司法警官职业学院,4122012901,吉林省,长春市,专科,
568,吉林电子信息职业技术学院,4122012902,吉林省,吉林市,专科,
569,吉林工业职业技术学院,4122012903,吉林省,吉林市,专科,
570,吉林工程职业学院,4122012904,吉林省,四平市,专科,
571,长春职业技术学院,4122013161,吉林省,长春市,专科,
572,白城医学高等专科学校,4122013743,吉林省,白城市,专科,
573,长春信息技术职业学院,4122013916,吉林省教育厅,长春市,专科,民办
574,松原职业技术学院,4122013917,吉林省,松原市,专科,
575,吉林铁道职业技术学院,4122014052,吉林省,吉林市,专科,
576,白城职业技术学院,4122014107,吉林省,白城市,专科,
577,长白山职业技术学院,4122014190,吉林省,白山市,专科,
578,吉林科技职业技术学院,4122014291,吉林省教育厅,长春市,专科,民办
579,延边职业技术学院,4122014340,吉林省,延边朝鲜族自治州,专科,
580,吉林城市职业技术学院,4122014426,吉林省教育厅,长春市,专科,民办
581,吉林职业技术学院,4122014567,吉林省教育厅,延边朝鲜族自治州,专科,民办
582,吉林水利电力职业学院,4122014602,吉林省,长春市,专科,
583,长春健康职业学院,4122014603,吉林省教育厅,长春市,专科,民办
584,长春早期教育职业学院,4122014701,吉林省教育厅,长春市,专科,民办
585,梅河口康美职业技术学院,4122014702,吉林省教育厅,梅河口市,专科,民办
586,吉林通用航空职业技术学院,4122014743,吉林省,吉林市,专科,
587,通化医药健康职业学院,4122014744,吉林省,通化市,专科,
627,齐齐哈尔高等师范专科学校,4123010238,黑龙江省,齐齐哈尔市,专科,
628,伊春职业学院,4123010872,黑龙江省,伊春市,专科,
629,牡丹江大学,4123011046,黑龙江省,牡丹江市,专科,
630,黑龙江职业学院,4123011449,黑龙江省,哈尔滨市,专科,
631,黑龙江建筑职业技术学院,4123012053,黑龙江省,哈尔滨市,专科,
632,黑龙江艺术职业学院,4123012490,黑龙江省,哈尔滨市,专科,
633,大庆职业学院,4123012718,黑龙江省,大庆市,专科,
634,黑龙江林业职业技术学院,4123012724,黑龙江省,牡丹江市,专科,
635,黑龙江农业职业技术学院,4123012725,黑龙江省,佳木斯市,专科,
636,黑龙江农业工程职业学院,4123012726,黑龙江省,哈尔滨市,专科,
637,黑龙江农垦职业学院,4123012727,黑龙江省,哈尔滨市,专科,
638,黑龙江司法警官职业学院,4123012728,黑龙江省,哈尔滨市,专科,
639,鹤岗师范高等专科学校,4123012905,黑龙江省,鹤岗市,专科,
640,哈尔滨电力职业技术学院,4123012906,黑龙江省,哈尔滨市,专科,
641,哈尔滨铁道职业技术学院,4123012907,黑龙江省,哈尔滨市,专科,
642,大兴安岭职业学院,4123012908,黑龙江省,大兴安岭地区,专科,
643,黑龙江农业经济职业学院,4123012910,黑龙江省,牡丹江市,专科,
644,哈尔滨职业技术学院,4123012911,黑龙江省,哈尔滨市,专科,
645,哈尔滨传媒职业学院,4123013302,黑龙江省教育厅,哈尔滨市,专科,民办
646,黑龙江生物科技职业学院,4123013447,黑龙江省,哈尔滨市,专科,
647,黑龙江商业职业学院,4123013448,黑龙江省,牡丹江市,专科,
648,黑龙江公安警官职业学院,4123013449,黑龙江省,哈尔滨市,专科,
649,哈尔滨城市职业学院,4123013451,黑龙江省教育厅,哈尔滨市,专科,民办
650,黑龙江农垦科技职业学院,4123013453,黑龙江省,哈尔滨市,专科,
651,黑龙江旅游职业技术学院,4123013729,黑龙江省,哈尔滨市,专科,
652,黑龙江三江美术职业学院,4123013730,黑龙江省教育厅,佳木斯市,专科,民办
653,黑龙江生态工程职业学院,4123013731,黑龙江省,哈尔滨市,专科,
654,黑龙江能源职业学院,4123013732,黑龙江省,双鸭山市,专科,
655,七台河职业学院,4123013918,黑龙江省,七台河市,专科,
656,黑龙江民族职业学院,4123013935,黑龙江省,哈尔滨市,专科,
657,大庆医学高等专科学校,4123014017,黑龙江省,大庆市,专科,
658,黑龙江交通职业技术学院,4123014053,黑龙江省,哈尔滨市,专科,
659,哈尔滨应用职业技术学院,4123014055,黑龙江省教育厅,哈尔滨市,专科,民办
660,黑龙江幼儿师范高等专科学校,4123014095,黑龙江省,牡丹江市,专科,
661,哈尔滨科学技术职业学院,4123014108,黑龙江省,哈尔滨市,专科,
662,佳木斯职业学院,4123014178,黑龙江省,佳木斯市,专科,
663,黑龙江护理高等专科学校,4123014272,黑龙江省,哈尔滨市,专科,
664,齐齐哈尔理工职业学院,4123014400,黑龙江省教育厅,齐齐哈尔市,专科,民办
665,哈尔滨幼儿师范高等专科学校,4123014425,黑龙江省,哈尔滨市,专科,
666,黑龙江冰雪体育职业学院,4123014540,黑龙江省,哈尔滨市,专科,
667,哈尔滨北方航空职业技术学院,4123014633,黑龙江省教育厅,哈尔滨市,专科,民办
708,上海旅游高等专科学校,4131010275,上海市,上海市,专科,
709,上海东海职业技术学院,4131010851,上海市教委,上海市,专科,民办
710,上海工商职业技术学院,4131010852,上海市教委,上海市,专科,民办
711,上海出版印刷高等专科学校,4131011733,上海市,上海市,专科,
712,上海行健职业学院,4131012493,上海市,上海市,专科,
713,上海城建职业学院,4131012495,上海市,上海市,专科,
714,上海交通职业技术学院,4131012497,上海市,上海市,专科,
715,上海海事职业技术学院,4131012498,上海市,上海市,专科,
716,上海电子信息职业技术学院,4131012499,上海市,上海市,专科,
717,上海震旦职业学院,4131012583,上海市教委,上海市,专科,民办
718,上海民远职业技术学院,4131012584,上海市教委,上海市,专科,民办
719,上海欧华职业技术学院,4131012585,上海市教委,上海市,专科,民办
720,上海思博职业技术学院,4131012586,上海市教委,上海市,专科,民办
721,上海工艺美术职业学院,4131012588,上海市,上海市,专科,
722,上海济光职业技术学院,4131012798,上海市教委,上海市,专科,民办
723,上海工商外国语职业学院,4131012800,上海市教委,上海市,专科,民办
724,上海科学技术职业学院,4131012801,上海市,上海市,专科,
725,上海农林职业技术学院,4131012912,上海市,上海市,专科,
726,上海邦德职业技术学院,4131012913,上海市教委,上海市,专科,民办
727,上海电影艺术职业学院,4131013747,上海市教委,上海市,专科,民办
728,上海中华职业技术学院,4131013907,上海市教委,上海市,专科,民办
729,上海工会管理职业学院,4131014023,上海市,上海市,专科,
730,上海民航职业技术学院,4131014394,交通运输部（中国民用航空局）,上海市,专科,
731,上海南湖职业技术学院,4131014745,上海市,上海市,专科,
810,盐城幼儿师范高等专科学校,3632000466,江苏省,盐城市,专科,
811,苏州幼儿师范高等专科学校,3632000583,江苏省,苏州市,专科,
812,明达职业技术学院,4132010826,江苏省教育厅,盐城市,专科,民办
813,无锡职业技术学院,4132010848,江苏省,无锡市,专科,
814,江苏建筑职业技术学院,4132010849,江苏省,徐州市,专科,
815,江苏工程职业技术学院,4132010958,江苏省,南通市,专科,
816,苏州工艺美术职业技术学院,4132010960,江苏省,苏州市,专科,
817,连云港职业技术学院,4132011050,江苏省,连云港市,专科,
818,镇江市高等专科学校,4132011051,江苏省,镇江市,专科,
819,南通职业大学,4132011052,江苏省,南通市,专科,
820,苏州职业大学,4132011054,江苏省,苏州市,专科,
821,沙洲职业工学院,4132011288,江苏省,苏州市,专科,
822,扬州市职业大学,4132011462,江苏省,扬州市,专科,
823,连云港师范高等专科学校,4132011585,江苏省,连云港市,专科,
824,江苏经贸职业技术学院,4132012047,江苏省,南京市,专科,
825,九州职业技术学院,4132012054,江苏省教育厅,徐州市,专科,民办
826,硅湖职业技术学院,4132012078,江苏省教育厅,苏州市,专科,民办
827,泰州职业技术学院,4132012106,江苏省,泰州市,专科,
828,常州信息职业技术学院,4132012317,江苏省,常州市,专科,
829,江苏联合职业技术学院,4132012678,江苏省,南京市,专科,
830,江苏海事职业技术学院,4132012679,江苏省,南京市,专科,
831,应天职业技术学院,4132012680,江苏省教育厅,南京市,专科,民办
832,无锡科技职业学院,4132012681,江苏省,无锡市,专科,
833,江苏医药职业学院,4132012682,江苏省,盐城市,专科,
834,扬州环境资源职业技术学院,4132012683,江苏省,扬州市,专科,
835,南通科技职业学院,4132012684,江苏省,南通市,专科,
836,苏州经贸职业技术学院,4132012685,江苏省,苏州市,专科,
837,苏州工业职业技术学院,4132012686,江苏省,苏州市,专科,
838,苏州托普信息职业技术学院,4132012687,江苏省教育厅,苏州市,专科,民办
839,苏州卫生职业技术学院,4132012688,江苏省,苏州市,专科,
840,无锡商业职业技术学院,4132012702,江苏省,无锡市,专科,
841,江苏航运职业技术学院,4132012703,江苏省,南通市,专科,
842,南京交通职业技术学院,4132012804,江苏省,南京市,专科,
843,江苏电子信息职业学院,4132012805,江苏省,淮安市,专科,
844,江苏农牧科技职业学院,4132012806,江苏省,泰州市,专科,
845,常州纺织服装职业技术学院,4132012807,江苏省,常州市,专科,
846,苏州农业职业技术学院,4132012808,江苏省,苏州市,专科,
847,苏州工业园区职业技术学院,4132012809,江苏省,苏州市,专科,
848,太湖创意职业技术学院,4132012918,江苏省教育厅,无锡市,专科,民办
849,炎黄职业技术学院,4132012919,江苏省教育厅,淮安市,专科,民办
850,南京科技职业学院,4132012920,江苏省,南京市,专科,
851,正德职业技术学院,4132012921,江苏省教育厅,南京市,专科,民办
852,钟山职业技术学院,4132012922,江苏省教育厅,南京市,专科,民办
853,无锡南洋职业技术学院,4132012923,江苏省教育厅,无锡市,专科,民办
854,江南影视艺术职业学院,4132013017,江苏省教育厅,无锡市,专科,民办
855,金肯职业技术学院,4132013100,江苏省教育厅,南京市,专科,民办
856,常州工业职业技术学院,4132013101,江苏省,常州市,专科,
857,常州工程职业技术学院,4132013102,江苏省,常州市,专科,
858,江苏农林职业技术学院,4132013103,江苏省,镇江市,专科,
859,江苏食品药品职业技术学院,4132013104,江苏省,淮安市,专科,
860,建东职业技术学院,4132013105,江苏省教育厅,常州市,专科,民办
861,南京铁道职业技术学院,4132013106,江苏省,南京市,专科,
862,徐州工业职业技术学院,4132013107,江苏省,徐州市,专科,
863,江苏信息职业技术学院,4132013108,江苏省,无锡市,专科,
864,宿迁职业技术学院,4132013110,江苏省,宿迁市,专科,
865,南京信息职业技术学院,4132013112,江苏省,南京市,专科,
866,江海职业技术学院,4132013113,江苏省教育厅,扬州市,专科,民办
867,常州机电职业技术学院,4132013114,江苏省,常州市,专科,
868,江阴职业技术学院,4132013137,江苏省,无锡市,专科,
869,无锡城市职业技术学院,4132013748,江苏省,无锡市,专科,
870,无锡工艺职业技术学院,4132013749,江苏省,无锡市,专科,
871,金山职业技术学院,4132013750,江苏省教育厅,镇江市,专科,民办
872,苏州健雄职业技术学院,4132013751,江苏省,苏州市,专科,
873,盐城工业职业技术学院,4132013752,江苏省,盐城市,专科,
874,江苏财经职业技术学院,4132013753,江苏省,淮安市,专科,
875,扬州工业职业技术学院,4132013754,江苏省,扬州市,专科,
876,苏州百年职业学院,4132013962,江苏省教育厅,苏州市,专科,中外合作办学
877,昆山登云科技职业学院,4132013963,江苏省教育厅,苏州市,专科,民办
878,南京视觉艺术职业学院,4132013964,江苏省教育厅,南京市,专科,民办
879,江苏城市职业学院,4132014000,江苏省,南京市,专科,
880,南京城市职业学院,4132014001,江苏省,南京市,专科,
881,南京机电职业技术学院,4132014056,江苏省,南京市,专科,
882,苏州高博软件技术职业学院,4132014163,江苏省教育厅,苏州市,专科,民办
883,南京旅游职业学院,4132014180,江苏省,南京市,专科,
884,江苏卫生健康职业学院,4132014255,江苏省,南京市,专科,
885,苏州信息职业技术学院,4132014256,江苏省,苏州市,专科,
886,宿迁泽达职业技术学院,4132014293,江苏省教育厅,宿迁市,专科,民办
887,苏州工业园区服务外包职业学院,4132014295,江苏省,苏州市,专科,
888,徐州幼儿师范高等专科学校,4132014329,江苏省,徐州市,专科,
889,徐州生物工程职业技术学院,4132014401,江苏省,徐州市,专科,
890,江苏商贸职业学院,4132014475,江苏省,南通市,专科,
891,南通师范高等专科学校,4132014493,江苏省,南通市,专科,
892,扬州中瑞酒店职业学院,4132014528,江苏省教育厅,扬州市,专科,民办
893,江苏护理职业学院,4132014541,江苏省,淮安市,专科,
894,江苏财会职业学院,4132014542,江苏省,连云港市,专科,
895,江苏城乡建设职业学院,4132014543,江苏省,常州市,专科,
896,江苏航空职业技术学院,4132014568,江苏省,镇江市,专科,
897,江苏安全技术职业学院,4132014589,江苏省,徐州市,专科,
898,江苏旅游职业学院,4132014604,江苏省,扬州市,专科,
959,宁波职业技术学院,4133010863,浙江省,宁波市,专科,
960,温州职业技术学院,4133010864,浙江省,温州市,专科,
961,浙江交通职业技术学院,4133012036,浙江省,杭州市,专科,
962,金华职业技术学院,4133012061,浙江省,金华市,专科,
963,宁波城市职业技术学院,4133012645,浙江省,宁波市,专科,
964,浙江电力职业技术学院,4133012646,浙江省,杭州市,专科,
965,浙江同济科技职业学院,4133012647,浙江省,杭州市,专科,
966,浙江工商职业技术学院,4133012789,浙江省,宁波市,专科,
967,台州职业技术学院,4133012790,浙江省,台州市,专科,
968,浙江工贸职业技术学院,4133012791,浙江省,温州市,专科,
969,浙江机电职业技术学院,4133012861,浙江省,杭州市,专科,
970,浙江建设职业技术学院,4133012862,浙江省,杭州市,专科,
971,浙江艺术职业学院,4133012863,浙江省,杭州市,专科,
972,浙江经贸职业技术学院,4133012864,浙江省,杭州市,专科,
973,浙江商业职业技术学院,4133012865,浙江省,杭州市,专科,
974,浙江经济职业技术学院,4133012866,浙江省,杭州市,专科,
975,浙江旅游职业学院,4133012867,浙江省,杭州市,专科,
976,浙江育英职业技术学院,4133012868,浙江省教育厅,杭州市,专科,民办
977,浙江警官职业学院,4133012869,浙江省,杭州市,专科,
978,浙江金融职业学院,4133012870,浙江省,杭州市,专科,
979,浙江工业职业技术学院,4133012871,浙江省,绍兴市,专科,
980,杭州职业技术学院,4133012872,浙江省,杭州市,专科,
981,嘉兴职业技术学院,4133012874,浙江省,嘉兴市,专科,
982,湖州职业技术学院,4133012875,浙江省,湖州市,专科,
983,绍兴职业技术学院,4133012876,浙江省教育厅,绍兴市,专科,民办
984,衢州职业技术学院,4133012877,浙江省,衢州市,专科,
985,丽水职业技术学院,4133012878,浙江省,丽水市,专科,
986,浙江东方职业技术学院,4133013002,浙江省教育厅,温州市,专科,民办
987,义乌工商职业技术学院,4133013003,浙江省,金华市,专科,
988,浙江纺织服装职业技术学院,4133013025,浙江省,宁波市,专科,
989,杭州科技职业技术学院,4133013026,浙江省,杭州市,专科,
990,浙江长征职业技术学院,4133013027,浙江省教育厅,杭州市,专科,民办
991,嘉兴南洋职业技术学院,4133013028,浙江省教育厅,嘉兴市,专科,民办
992,杭州万向职业技术学院,4133013030,浙江省教育厅,杭州市,专科,民办
993,浙江邮电职业技术学院,4133013688,浙江省,绍兴市,专科,
994,宁波卫生职业技术学院,4133013742,浙江省,宁波市,专科,
995,台州科技职业学院,4133013746,浙江省,台州市,专科,
996,浙江国际海运职业技术学院,4133013853,浙江省,舟山市,专科,
997,浙江体育职业技术学院,4133013854,浙江省,杭州市,专科,
998,温州科技职业学院,4133014088,浙江省,温州市,专科,
999,浙江汽车职业技术学院,4133014089,浙江省教育厅,台州市,专科,民办
1000,浙江横店影视职业学院,4133014090,浙江省教育厅,金华市,专科,民办
1001,浙江农业商贸职业学院,4133014269,浙江省,绍兴市,专科,
1002,浙江特殊教育职业学院,4133014431,浙江省,杭州市,专科,
1003,浙江安防职业技术学院,4133014492,浙江省,温州市,专科,
1004,浙江宇翔职业技术学院,4133014703,浙江省教育厅,湖州市,专科,民办
1005,浙江金华科贸职业技术学院,4133014746,浙江省教育厅,金华市,专科,民办
1006,浙江舟山群岛新区旅游与健康职业学院,4133016408,浙江省,舟山市,专科,
1007,宁波幼儿师范高等专科学校,4233050559,浙江省,宁波市,专科,
1054,安徽职业技术学院,4134010869,安徽省,合肥市,专科,
1055,淮北职业技术学院,4134010963,安徽省,淮北市,专科,
1056,芜湖职业技术学院,4134011061,安徽省,芜湖市,专科,
1057,淮南联合大学,4134011308,安徽省,淮南市,专科,
1058,安徽商贸职业技术学院,4134012072,安徽省,芜湖市,专科,
1059,安徽水利水电职业技术学院,4134012073,安徽省,合肥市,专科,
1060,阜阳职业技术学院,4134012074,安徽省,阜阳市,专科,
1061,铜陵职业技术学院,4134012217,安徽省,铜陵市,专科,
1062,民办万博科技职业学院,4134012218,安徽省教育厅,合肥市,专科,民办
1063,安徽警官职业学院,4134012219,安徽省,合肥市,专科,
1064,淮南职业技术学院,4134012220,安徽省,淮南市,专科,
1065,安徽工业经济职业技术学院,4134012334,安徽省,合肥市,专科,
1066,合肥通用职业技术学院,4134012410,安徽省,合肥市,专科,
1067,安徽工贸职业技术学院,4134012811,安徽省,淮南市,专科,
1068,宿州职业技术学院,4134012812,安徽省,宿州市,专科,
1069,六安职业技术学院,4134012813,安徽省,六安市,专科,
1070,安徽电子信息职业技术学院,4134012814,安徽省,蚌埠市,专科,
1071,民办合肥经济技术职业学院,4134012815,安徽省教育厅,合肥市,专科,民办
1072,安徽交通职业技术学院,4134012816,安徽省,合肥市,专科,
1073,安徽体育运动职业技术学院,4134012817,安徽省,合肥市,专科,
1074,安徽中医药高等专科学校,4134012924,安徽省,芜湖市,专科,
1075,安徽医学高等专科学校,4134012925,安徽省,合肥市,专科,
1076,合肥职业技术学院,4134013058,安徽省,合肥市,专科,
1077,滁州职业技术学院,4134013059,安徽省,滁州市,专科,
1078,池州职业技术学院,4134013060,安徽省,池州市,专科,
1079,宣城职业技术学院,4134013061,安徽省,宣城市,专科,
1080,安徽广播影视职业技术学院,4134013062,安徽省,合肥市,专科,
1081,民办合肥滨湖职业技术学院,4134013064,安徽省教育厅,合肥市,专科,民办
1082,安徽电气工程职业技术学院,4134013336,安徽省,合肥市,专科,
1083,安徽冶金科技职业学院,4134013337,安徽省,马鞍山市,专科,
1084,安徽城市管理职业学院,4134013338,安徽省,合肥市,专科,
1085,安徽机电职业技术学院,4134013339,安徽省,芜湖市,专科,
1086,安徽工商职业学院,4134013340,安徽省,合肥市,专科,
1087,安徽中澳科技职业学院,4134013341,安徽省,合肥市,专科,
1088,阜阳科技职业学院,4134013342,安徽省教育厅,阜阳市,专科,民办
1089,亳州职业技术学院,4134013343,安徽省,亳州市,专科,
1090,安徽国防科技职业学院,4134013344,安徽省,六安市,专科,
1091,安庆职业技术学院,4134013345,安徽省,安庆市,专科,
1092,安徽艺术职业学院,4134013346,安徽省,合肥市,专科,
1093,马鞍山师范高等专科学校,4134013760,安徽省,马鞍山市,专科,
1094,安徽财贸职业学院,4134013845,安徽省,合肥市,专科,
1095,安徽国际商务职业学院,4134013846,安徽省,合肥市,专科,
1096,安徽公安职业学院,4134013847,安徽省,合肥市,专科,
1097,安徽林业职业技术学院,4134013848,安徽省,合肥市,专科,
1098,安徽审计职业学院,4134013849,安徽省,合肥市,专科,
1099,安徽新闻出版职业技术学院,4134013850,安徽省,合肥市,专科,
1100,安徽邮电职业技术学院,4134013851,安徽省,合肥市,专科,
1101,安徽工业职业技术学院,4134013852,安徽省,铜陵市,专科,
1102,民办合肥财经职业学院,4134014058,安徽省教育厅,合肥市,专科,民办
1103,安庆医药高等专科学校,4134014096,安徽省,安庆市,专科,
1104,安徽涉外经济职业学院,4134014132,安徽省教育厅,合肥市,专科,民办
1105,安徽绿海商务职业学院,4134014133,安徽省教育厅,合肥市,专科,民办
1106,合肥共达职业技术学院,4134014135,安徽省教育厅,合肥市,专科,民办
1107,蚌埠经济技术职业学院,4134014137,安徽省教育厅,蚌埠市,专科,民办
1108,民办安徽旅游职业学院,4134014165,安徽省教育厅,阜阳市,专科,民办
1109,徽商职业学院,4134014191,安徽省,合肥市,专科,
1110,马鞍山职业技术学院,4134014192,安徽省,马鞍山市,专科,
1111,安徽现代信息工程职业学院,4134014210,安徽省教育厅,淮南市,专科,民办
1112,安徽矿业职业技术学院,4134014229,安徽省教育厅,淮北市,专科,民办
1113,合肥信息技术职业学院,4134014230,安徽省教育厅,合肥市,专科,民办
1114,桐城师范高等专科学校,4134014273,安徽省,安庆市,专科,
1115,黄山职业技术学院,4134014296,安徽省,黄山市,专科,
1116,滁州城市职业学院,4134014297,安徽省,滁州市,专科,
1117,安徽汽车职业技术学院,4134014298,安徽省,合肥市,专科,
1118,皖西卫生职业学院,4134014299,安徽省,六安市,专科,
1119,合肥幼儿师范高等专科学校,4134014330,安徽省,合肥市,专科,
1120,安徽扬子职业技术学院,4134014342,安徽省教育厅,芜湖市,专科,民办
1121,安徽黄梅戏艺术职业学院,4134014378,安徽省,安庆市,专科,
1122,安徽粮食工程职业学院,4134014418,安徽省,合肥市,专科,
1123,安徽卫生健康职业学院,4134014419,安徽省,池州市,专科,
1124,合肥科技职业学院,4134014420,安徽省教育厅,合肥市,专科,民办
1125,皖北卫生职业学院,4134014502,安徽省,宿州市,专科,
1126,阜阳幼儿师范高等专科学校,4134014536,安徽省,阜阳市,专科,
1127,黄山健康职业学院,4134014704,安徽省教育厅,黄山市,专科,民办
1128,宿州航空职业学院,4134014747,安徽省教育厅,宿州市,专科,民办
1168,福建船政交通职业学院,4135010866,福建省,福州市,专科,
1169,漳州职业技术学院,4135011314,福建省,漳州市,专科,
1170,闽西职业技术学院,4135011315,福建省,龙岩市,专科,
1171,黎明职业大学,4135011317,福建省,泉州市,专科,
1172,福建华南女子职业学院,4135011499,福建省教育厅,福州市,专科,民办
1173,福州职业技术学院,4135011502,福建省,福州市,专科,
1174,福建林业职业技术学院,4135012625,福建省,南平市,专科,
1175,福建信息职业技术学院,4135012626,福建省,福州市,专科,
1176,福建水利电力职业技术学院,4135012627,福建省,三明市,专科,
1177,福建电力职业技术学院,4135012628,福建省,泉州市,专科,
1178,厦门海洋职业技术学院,4135012629,福建省,厦门市,专科,
1179,福建农业职业技术学院,4135012630,福建省,福州市,专科,
1180,福建卫生职业技术学院,4135012633,福建省,福州市,专科,
1181,泉州医学高等专科学校,4135012634,福建省,泉州市,专科,
1182,福州英华职业学院,4135012708,福建省教育厅,福州市,专科,民办
1183,泉州纺织服装职业学院,4135012711,福建省教育厅,泉州市,专科,民办
1184,泉州华光职业学院,4135012927,福建省教育厅,泉州市,专科,民办
1185,闽北职业技术学院,4135013764,福建省,南平市,专科,
1186,福州黎明职业技术学院,4135013765,福建省教育厅,福州市,专科,民办
1187,厦门演艺职业学院,4135013767,福建省教育厅,厦门市,专科,民办
1188,厦门华天涉外职业技术学院,4135013768,福建省教育厅,厦门市,专科,民办
1189,福州科技职业技术学院,4135013769,福建省教育厅,福州市,专科,民办
1190,泉州经贸职业技术学院,4135013770,福建省,泉州市,专科,
1191,福建对外经济贸易职业技术学院,4135013771,福建省,福州市,专科,
1192,湄洲湾职业技术学院,4135013772,福建省,莆田市,专科,
1193,福建生物工程职业技术学院,4135013969,福建省,福州市,专科,
1194,福建艺术职业学院,4135013970,福建省,福州市,专科,
1195,福建幼儿师范高等专科学校,4135013972,福建省,福州市,专科,
1196,厦门城市职业学院,4135013973,福建省,厦门市,专科,
1197,泉州工艺美术职业学院,4135013975,福建省,泉州市,专科,
1198,三明医学科技职业学院,4135013976,福建省,三明市,专科,
1199,宁德职业技术学院,4135013977,福建省,宁德市,专科,
1200,福州软件职业技术学院,4135013978,福建省教育厅,福州市,专科,民办
1201,厦门兴才职业技术学院,4135013979,福建省教育厅,厦门市,专科,民办
1202,厦门软件职业技术学院,4135014059,福建省教育厅,厦门市,专科,民办
1203,福建体育职业技术学院,4135014060,福建省,福州市,专科,
1204,漳州城市职业学院,4135014110,福建省,漳州市,专科,
1205,厦门南洋职业学院,4135014111,福建省教育厅,厦门市,专科,民办
1206,厦门东海职业技术学院,4135014112,福建省教育厅,厦门市,专科,民办
1207,漳州科技职业学院,4135014113,福建省教育厅,漳州市,专科,民办
1208,漳州理工职业学院,4135014115,福建省教育厅,漳州市,专科,民办
1209,武夷山职业学院,4135014116,福建省教育厅,南平市,专科,民办
1210,漳州卫生职业学院,4135014117,福建省,漳州市,专科,
1211,泉州海洋职业学院,4135014231,福建省教育厅,泉州市,专科,民办
1212,泉州轻工职业学院,4135014232,福建省教育厅,泉州市,专科,民办
1213,厦门安防科技职业学院,4135014257,福建省教育厅,厦门市,专科,民办
1214,泉州幼儿师范高等专科学校,4135014331,福建省,泉州市,专科,
1215,闽江师范高等专科学校,4135014490,福建省,福州市,专科,
1216,泉州工程职业技术学院,4135014503,福建省教育厅,泉州市,专科,民办
1217,福州墨尔本理工职业学院,4135016411,福建省教育厅,福州市,专科,中外合作办学
1263,上饶幼儿师范高等专科学校,3636000312,江西省,上饶市,专科,
1264,抚州幼儿师范高等专科学校,3636000519,江西省,抚州市,专科,
1265,江西工业职业技术学院,4136010839,江西省,南昌市,专科,
1266,江西医学高等专科学校,4136010888,江西省,上饶市,专科,
1267,九江职业大学,4136011505,江西省,九江市,专科,
1268,九江职业技术学院,4136011785,江西省,九江市,专科,
1269,江西司法警官职业学院,4136012929,江西省,南昌市,专科,
1270,江西陶瓷工艺美术职业技术学院,4136012930,江西省,景德镇市,专科,
1271,江西旅游商贸职业学院,4136012932,江西省,南昌市,专科,
1272,江西电力职业技术学院,4136012933,江西省,南昌市,专科,
1273,江西环境工程职业学院,4136012934,江西省,赣州市,专科,
1274,江西艺术职业学院,4136012936,江西省,南昌市,专科,
1275,鹰潭职业技术学院,4136012937,江西省,鹰潭市,专科,
1276,江西信息应用职业技术学院,4136012939,江西省,南昌市,专科,
1277,江西交通职业技术学院,4136012940,江西省,南昌市,专科,
1278,江西财经职业学院,4136012941,江西省,九江市,专科,
1279,江西应用技术职业学院,4136012942,江西省,赣州市,专科,
1280,江西现代职业技术学院,4136012943,江西省,南昌市,专科,
1281,江西工业工程职业技术学院,4136012944,江西省,萍乡市,专科,
1282,江西机电职业技术学院,4136012976,江西省,南昌市,专科,
1283,江西科技职业学院,4136013419,江西省教育厅,南昌市,专科,民办
1284,江西外语外贸职业学院,4136013422,江西省,南昌市,专科,
1285,江西工业贸易职业技术学院,4136013423,江西省,南昌市,专科,
1286,宜春职业技术学院,4136013424,江西省,宜春市,专科,
1287,江西应用工程职业学院,4136013425,江西省,萍乡市,专科,
1288,江西生物科技职业学院,4136013426,江西省,南昌市,专科,
1289,江西建设职业技术学院,4136013427,江西省,南昌市,专科,
1290,抚州职业技术学院,4136013428,江西省,抚州市,专科,
1291,江西中医药高等专科学校,4136013775,江西省,抚州市,专科,
1292,江西经济管理职业学院,4136013866,江西省,南昌市,专科,
1293,江西制造职业技术学院,4136013867,江西省,南昌市,专科,
1294,江西工程职业学院,4136013868,江西省,南昌市,专科,
1295,江西青年职业学院,4136013869,江西省,南昌市,专科,
1296,上饶职业技术学院,4136013870,江西省,上饶市,专科,
1297,江西航空职业技术学院,4136013871,江西省教育厅,南昌市,专科,民办
1298,江西农业工程职业学院,4136013872,江西省,宜春市,专科,
1299,赣西科技职业学院,4136013873,江西省教育厅,新余市,专科,民办
1300,江西卫生职业学院,4136013965,江西省,南昌市,专科,
1301,江西新能源科技职业学院,4136014166,江西省教育厅,新余市,专科,民办
1302,江西枫林涉外经贸职业学院,4136014167,江西省教育厅,九江市,专科,民办
1303,江西泰豪动漫职业学院,4136014168,江西省教育厅,南昌市,专科,民办
1304,江西冶金职业技术学院,4136014241,江西省,新余市,专科,
1305,江西管理职业学院,4136014249,江西省,南昌市,专科,
1306,江西传媒职业学院,4136014250,江西省,南昌市,专科,
1307,江西工商职业技术学院,4136014321,江西省教育厅,南昌市,专科,民办
1308,景德镇陶瓷职业技术学院,4136014402,江西省教育厅,景德镇市,专科,民办
1309,共青科技职业学院,4136014403,江西省教育厅,九江市,专科,民办
1310,赣州师范高等专科学校,4136014465,江西省,赣州市,专科,
1311,江西水利职业学院,4136014476,江西省,南昌市,专科,
1312,宜春幼儿师范高等专科学校,4136014494,江西省,宜春市,专科,
1313,吉安职业技术学院,4136014504,江西省,吉安市,专科,
1314,江西洪州职业学院,4136014505,江西省教育厅,宜春市,专科,民办
1315,江西师范高等专科学校,4136014537,江西省       ,鹰潭市,专科,
1316,南昌影视传播职业学院,4136014544,江西省教育厅,南昌市,专科,民办
1317,赣南卫生健康职业学院,4136014569,江西省,赣州市,专科,
1318,萍乡卫生职业学院,4136014656,江西省,萍乡市,专科,
1319,江西婺源茶业职业学院,4136014657,江西省,上饶市,专科,
1320,赣州职业技术学院,4136014665,江西省,赣州市,专科,
1321,南昌健康职业技术学院,4136014705,江西省,南昌市,专科,
1322,九江理工职业学院,4136014706,江西省教育厅,九江市,专科,民办
1323,和君职业学院,4136014748,江西省教育厅,赣州市,专科,民办
1394,山东医学高等专科学校,4137010442,山东省,临沂市,专科,
1395,菏泽医学专科学校,4137010444,山东省,菏泽市,专科,
1396,山东商业职业技术学院,4137010832,山东省,济南市,专科,
1397,山东电力高等专科学校,4137011827,山东省,济南市,专科,
1398,日照职业技术学院,4137012062,山东省,日照市,专科,
1399,曲阜远东职业技术学院,4137012070,山东省教育厅,济宁市,专科,民办
1400,青岛职业技术学院,4137012324,山东省,青岛市,专科,
1401,威海职业学院,4137012326,山东省,威海市,专科,
1402,山东职业学院,4137012328,山东省,济南市,专科,
1403,山东劳动职业技术学院,4137012329,山东省,济南市,专科,
1404,莱芜职业技术学院,4137012330,山东省,莱芜市,专科,
1405,济宁职业技术学院,4137012335,山东省,济宁市,专科,
1406,潍坊职业学院,4137012391,山东省,潍坊市,专科,
1407,烟台职业学院,4137012396,山东省,烟台市,专科,
1408,东营职业学院,4137012440,山东省,东营市,专科,
1409,聊城职业技术学院,4137012441,山东省,聊城市,专科,
1410,滨州职业学院,4137012818,山东省,滨州市,专科,
1411,山东科技职业学院,4137012819,山东省,潍坊市,专科,
1412,山东服装职业学院,4137012841,山东省,泰安市,专科,
1413,德州科技职业学院,4137012842,山东省教育厅,德州市,专科,民办
1414,山东力明科技职业学院,4137012844,山东省教育厅,泰安市,专科,民办
1415,山东圣翰财贸职业学院,4137012945,山东省教育厅,济南市,专科,民办
1416,山东水利职业学院,4137012946,山东省,日照市,专科,
1417,山东畜牧兽医职业学院,4137012947,山东省,潍坊市,专科,
1418,青岛飞洋职业技术学院,4137013005,山东省教育厅,青岛市,专科,民办
1419,东营科技职业学院,4137013007,山东省教育厅,东营市,专科,民办
1420,山东交通职业学院,4137013008,山东省,潍坊市,专科,
1421,淄博职业学院,4137013009,山东省,淄博市,专科,
1422,山东外贸职业学院,4137013010,山东省,青岛市,专科,
1423,青岛酒店管理职业技术学院,4137013011,山东省,青岛市,专科,
1424,山东信息职业技术学院,4137013012,山东省,潍坊市,专科,
1425,青岛港湾职业技术学院,4137013014,山东省,青岛市,专科,
1426,山东胜利职业学院,4137013316,山东省,东营市,专科,
1427,山东经贸职业学院,4137013317,山东省,潍坊市,专科,
1428,山东工业职业学院,4137013318,山东省,淄博市,专科,
1429,山东化工职业学院,4137013319,山东省,淄博市,专科,
1430,青岛求实职业技术学院,4137013321,山东省教育厅,青岛市,专科,民办
1431,济南职业学院,4137013323,山东省,济南市,专科,
1432,烟台工程职业技术学院,4137013355,山东省,烟台市,专科,
1433,潍坊工商职业学院,4137013388,山东省教育厅,潍坊市,专科,民办
1434,德州职业技术学院,4137013389,山东省,德州市,专科,
1435,枣庄科技职业学院,4137013390,山东省,枣庄市,专科,
1436,淄博师范高等专科学校,4137013777,山东省,淄博市,专科,
1437,山东中医药高等专科学校,4137013778,山东省,烟台市,专科,
1438,济南工程职业技术学院,4137013855,山东省,济南市,专科,
1439,山东电子职业技术学院,4137013856,山东省,济南市,专科,
1440,山东旅游职业学院,4137013858,山东省,济南市,专科,
1441,山东铝业职业学院,4137013859,山东省,淄博市,专科,
1442,山东杏林科技职业学院,4137013860,山东省教育厅,济南市,专科,民办
1443,泰山职业技术学院,4137013861,山东省,泰安市,专科,
1444,山东药品食品职业学院,4137013966,山东省,威海市,专科,
1445,山东商务职业学院,4137014078,山东省,烟台市,专科,
1446,山东轻工职业学院,4137014079,山东省,淄博市,专科,
1447,山东城市建设职业学院,4137014080,山东省,济南市,专科,
1448,烟台汽车工程职业学院,4137014081,山东省,烟台市,专科,
1449,山东司法警官职业学院,4137014082,山东省,济南市,专科,
1450,菏泽家政职业学院,4137014118,山东省,菏泽市,专科,
1451,山东传媒职业学院,4137014193,山东省,济南市,专科,
1452,临沂职业学院,4137014195,山东省,临沂市,专科,
1453,枣庄职业学院,4137014196,山东省,枣庄市,专科,
1454,山东理工职业学院,4137014242,山东省,济宁市,专科,
1455,山东文化产业职业学院,4137014261,山东省教育厅,青岛市,专科,民办
1456,青岛远洋船员职业学院,4137014320,山东省,青岛市,专科,
1457,济南幼儿师范高等专科学校,4137014332,山东省,济南市,专科,
1458,济南护理职业学院,4137014343,山东省,济南市,专科,
1459,泰山护理职业学院,4137014345,山东省,泰安市,专科,
1460,山东海事职业学院,4137014346,山东省教育厅,潍坊市,专科,民办
1461,潍坊护理职业学院,4137014347,山东省,潍坊市,专科,
1462,潍坊工程职业学院,4137014379,山东省,潍坊市,专科,
1463,菏泽职业学院,4137014477,山东省,菏泽市,专科,
1464,山东艺术设计职业学院,4137014506,山东省教育厅,济南市,专科,民办
1465,威海海洋职业学院,4137014507,山东省,威海市,专科,
1466,山东特殊教育职业学院,4137014545,山东省,济南市,专科,
1467,烟台黄金职业学院,4137014570,山东省教育厅,烟台市,专科,民办
1468,日照航海工程职业学院,4137014605,山东省教育厅,日照市,专科,民办
1469,青岛工程职业学院,4137014666,山东省,青岛市,专科,
1470,青岛幼儿师范高等专科学校,4137014688,山东省,青岛市,专科,
1471,烟台幼儿师范高等专科学校,4137014689,山东省,烟台市,专科,
1472,烟台文化旅游职业学院,4137014707,山东省,烟台市,专科,
1473,临沂科技职业学院,4137014708,山东省,临沂市,专科,
1474,青岛航空科技职业学院,4137014709,山东省教育厅,青岛市,专科,民办
1475,潍坊环境工程职业学院,4137014710,山东省教育厅,潍坊市,专科,民办
1476,滨州科技职业学院,4137014749,山东省教育厅,滨州市,专科,民办
1534,河南职业技术学院,4141010824,河南省,郑州市,专科,
1535,漯河职业技术学院,4141010835,河南省,漯河市,专科,
1536,三门峡职业技术学院,4141010842,河南省,三门峡市,专科,
1537,郑州铁路职业技术学院,4141010843,河南省,郑州市,专科,
1538,开封大学,4141011069,河南省,开封市,专科,
1539,焦作大学,4141011522,河南省,焦作市,专科,
1540,濮阳职业技术学院,4141011787,河南省,濮阳市,专科,
1541,郑州电力高等专科学校,4141011828,河南省,郑州市,专科,
1542,黄河水利职业技术学院,4141012058,河南省,开封市,专科,
1543,许昌职业技术学院,4141012067,河南省,许昌市,专科,
1544,河南工业和信息化职业学院,4141012581,河南省,焦作市,专科,
1545,河南水利与环境职业学院,4141012582,河南省,郑州市,专科,
1546,商丘职业技术学院,4141012745,河南省,商丘市,专科,
1547,平顶山工业职业技术学院,4141012748,河南省,平顶山市,专科,
1548,周口职业技术学院,4141012750,河南省,周口市,专科,
1549,济源职业技术学院,4141012768,河南省,济源市,专科,
1550,河南司法警官职业学院,4141012781,河南省,郑州市,专科,
1551,鹤壁职业技术学院,4141012793,河南省,鹤壁市,专科,
1552,河南工业职业技术学院,4141012794,河南省,南阳市,专科,
1553,郑州澍青医学高等专科学校,4141012948,河南省教育厅,郑州市,专科,民办
1554,焦作师范高等专科学校,4141012950,河南省,焦作市,专科,
1555,河南检察职业学院,4141013499,河南省,郑州市,专科,
1556,河南质量工程职业学院,4141013564,河南省,平顶山市,专科,
1557,郑州信息科技职业学院,4141013565,河南省,郑州市,专科,
1558,漯河医学高等专科学校,4141013780,河南省,漯河市,专科,
1559,南阳医学高等专科学校,4141013781,河南省,南阳市,专科,
1560,商丘医学高等专科学校,4141013782,河南省,商丘市,专科,
1561,郑州电子信息职业技术学院,4141013783,河南省教育厅,郑州市,专科,民办
1562,信阳职业技术学院,4141013784,河南省,信阳市,专科,
1563,嵩山少林武术职业学院,4141013785,河南省教育厅,郑州市,专科,民办
1564,郑州工业安全职业学院,4141013786,河南省,郑州市,专科,
1565,永城职业学院,4141013787,河南省,商丘市,专科,
1566,河南经贸职业学院,4141013788,河南省,郑州市,专科,
1567,河南交通职业技术学院,4141013789,河南省,郑州市,专科,
1568,河南农业职业学院,4141013790,河南省,郑州市,专科,
1569,郑州旅游职业学院,4141013791,河南省,郑州市,专科,
1570,郑州职业技术学院,4141013792,河南省,郑州市,专科,
1571,河南信息统计职业学院,4141013885,河南省,郑州市,专科,
1572,河南林业职业学院,4141013889,河南省,洛阳市,专科,
1573,河南工业贸易职业学院,4141013936,河南省,郑州市,专科,
1574,郑州电力职业技术学院,4141014062,河南省教育厅,郑州市,专科,民办
1575,河南建筑职业技术学院,4141014181,河南省,郑州市,专科,
1576,漯河食品职业学院,4141014233,河南省教育厅,漯河市,专科,民办
1577,郑州城市职业学院,4141014235,河南省教育厅,郑州市,专科,民办
1578,安阳职业技术学院,4141014243,河南省,安阳市,专科,
1579,新乡职业技术学院,4141014245,河南省,新乡市,专科,
1580,驻马店职业技术学院,4141014251,河南省,驻马店市,专科,
1581,焦作工贸职业学院,4141014300,河南省教育厅,焦作市,专科,民办
1582,许昌陶瓷职业学院,4141014301,河南省教育厅,许昌市,专科,民办
1583,郑州理工职业学院,4141014302,河南省教育厅,郑州市,专科,民办
1584,郑州信息工程职业学院,4141014303,河南省教育厅,郑州市,专科,民办
1585,长垣烹饪职业技术学院,4141014305,河南省教育厅,新乡市,专科,民办
1586,开封文化艺术职业学院,4141014306,河南省,开封市,专科,
1587,河南应用技术职业学院,4141014307,河南省,郑州市,专科,
1588,河南艺术职业学院,4141014308,河南省,郑州市,专科,
1589,河南机电职业学院,4141014348,河南省,郑州市,专科,
1590,河南护理职业学院,4141014349,河南省,安阳市,专科,
1591,许昌电气职业学院,4141014350,河南省,许昌市,专科,
1592,信阳涉外职业技术学院,4141014351,河南省教育厅,信阳市,专科,民办
1593,鹤壁汽车工程职业学院,4141014352,河南省教育厅,鹤壁市,专科,民办
1594,南阳职业学院,4141014353,河南省教育厅,南阳市,专科,民办
1595,郑州商贸旅游职业学院,4141014380,河南省教育厅,郑州市,专科,民办
1596,河南推拿职业学院,4141014382,河南省,洛阳市,专科,
1597,洛阳职业技术学院,4141014383,河南省,洛阳市,专科,
1598,郑州幼儿师范高等专科学校,4141014391,河南省,郑州市,专科,
1599,安阳幼儿师范高等专科学校,4141014392,河南省,安阳市,专科,
1600,郑州黄河护理职业学院,4141014405,河南省教育厅,郑州市,专科,民办
1601,河南医学高等专科学校,4141014466,河南省,郑州市,专科,
1602,郑州财税金融职业学院,4141014478,河南省,郑州市,专科,
1603,南阳农业职业学院,4141014479,河南省,南阳市,专科,
1604,洛阳科技职业学院,4141014480,河南省教育厅,洛阳市,专科,民办
1605,鹤壁能源化工职业学院,4141014529,河南省教育厅,鹤壁市,专科,民办
1606,平顶山文化艺术职业学院,4141014530,河南省教育厅,平顶山市,专科,民办
1607,濮阳医学高等专科学校,4141014597,河南省,濮阳市,专科,
1608,驻马店幼儿师范高等专科学校,4141014598,河南省,驻马店市,专科,
1609,三门峡社会管理职业学院,4141014606,河南省,三门峡市,专科,
1610,河南轻工职业学院,4141014607,河南省,郑州市,专科,
1611,河南测绘职业学院,4141014608,河南省,郑州市,专科,
1612,信阳航空职业学院,4141014634,河南省教育厅,信阳市,专科,民办
1613,郑州卫生健康职业学院,4141014635,河南省,郑州市,专科,
1614,河南物流职业学院,4141014636,河南省,新乡市,专科,
1615,河南地矿职业学院,4141014637,河南省,郑州市,专科,
1616,郑州亚欧交通职业学院,4141014685,河南省教育厅,郑州市,专科,中外合作办学
1617,河南女子职业学院,4141014711,河南省,新乡市,专科,
1618,河南对外经济贸易职业学院,4141014712,河南省,开封市,专科,
1619,濮阳石油化工职业技术学院,4141014713,河南省,濮阳市,专科,
1620,南阳科技职业学院,4141014714,河南省,南阳市,专科,
1621,兰考三农职业学院,4141014715,河南省,开封市,专科,
1622,汝州职业技术学院,4141014716,河南省,平顶山市,专科,
1623,林州建筑职业技术学院,4141014717,河南省教育厅,安阳市,专科,民办
1624,郑州电子商务职业学院,4141014718,河南省教育厅,郑州市,专科,民办
1625,郑州轨道工程职业学院,4141014719,河南省教育厅,郑州市,专科,民办
1626,郑州体育职业学院,4141014720,河南省教育厅,郑州市,专科,民办
1627,洛阳文化旅游职业学院,4141014750,河南省,洛阳市,专科,
1628,周口文理职业学院,4141014751,河南省,周口市,专科,
1629,信阳艺术职业学院,4141014752,河南省,信阳市,专科,
1630,郑州城建职业学院,4141014753,河南省教育厅,郑州市,专科,民办
1631,郑州医药健康职业学院,4141014754,河南省教育厅,郑州市,专科,民办
1632,平顶山职业技术学院,4241050709,河南省,平顶山市,专科,
1701,武汉职业技术学院,4142010834,湖北省,武汉市,专科,
1702,黄冈职业技术学院,4142010955,湖北省,黄冈市,专科,
1703,长江职业学院,4142010956,湖北省,武汉市,专科,
1704,荆州理工职业学院,4142011074,湖北省,荆州市,专科,
1705,湖北工业职业技术学院,4142011334,湖北省,十堰市,专科,
1706,鄂州职业大学,4142011335,湖北省,鄂州市,专科,
1707,武汉城市职业学院,4142011796,湖北省,武汉市,专科,
1708,湖北职业技术学院,4142012051,湖北省,孝感市,专科,
1709,武汉船舶职业技术学院,4142012052,湖北省,武汉市,专科,
1710,恩施职业技术学院,4142012347,湖北省,恩施土家族苗族自治州,专科,
1711,襄阳职业技术学院,4142012354,湖北省,襄阳市,专科,
1712,武汉工贸职业学院,4142012369,湖北省教育厅,武汉市,专科,民办
1713,荆州职业技术学院,4142012737,湖北省,荆州市,专科,
1714,武汉工程职业技术学院,4142012738,湖北省,武汉市,专科,
1715,仙桃职业学院,4142012740,湖北省,仙桃市,专科,
1716,湖北轻工职业技术学院,4142012744,湖北省,武汉市,专科,
1717,湖北交通职业技术学院,4142012752,湖北省,武汉市,专科,
1718,湖北中医药高等专科学校,4142012951,湖北省,荆州市,专科,
1719,武汉航海职业技术学院,4142012952,湖北省,武汉市,专科,
1720,武汉铁路职业技术学院,4142012977,湖北省,武汉市,专科,
1721,武汉软件工程职业学院,4142012978,湖北省,武汉市,专科,
1722,湖北三峡职业技术学院,4142012979,湖北省,宜昌市,专科,
1723,随州职业技术学院,4142012980,湖北省,随州市,专科,
1724,武汉电力职业技术学院,4142012981,湖北省,武汉市,专科,
1725,湖北水利水电职业技术学院,4142012982,湖北省,武汉市,专科,
1726,湖北城市建设职业技术学院,4142012983,湖北省,武汉市,专科,
1727,武汉警官职业学院,4142012984,湖北省,武汉市,专科,
1728,湖北生物科技职业学院,4142012985,湖北省,武汉市,专科,
1729,湖北开放职业学院,4142012986,湖北省教育厅,武汉市,专科,民办
1730,武汉科技职业学院,4142012987,湖北省教育厅,武汉市,专科,民办
1731,武汉外语外事职业学院,4142012988,湖北省教育厅,武汉市,专科,民办
1732,武汉信息传播职业技术学院,4142012989,湖北省教育厅,武汉市,专科,民办
1733,武昌职业学院,4142012990,湖北省教育厅,武汉市,专科,民办
1734,武汉商贸职业学院,4142012991,湖北省教育厅,武汉市,专科,民办
1735,湖北艺术职业学院,4142013263,湖北省,武汉市,专科,
1736,武汉交通职业学院,4142013264,湖北省,武汉市,专科,
1737,咸宁职业技术学院,4142013265,湖北省,咸宁市,专科,
1738,长江工程职业技术学院,4142013266,湖北省,武汉市,专科,
1739,江汉艺术职业学院,4142013793,湖北省,潜江市,专科,
1740,武汉民政职业学院,4142013796,湖北省,武汉市,专科,
1741,湖北黄冈应急管理职业技术学院,4142013797,湖北省,黄冈市,专科,
1742,湖北财税职业学院,4142013798,湖北省,武汉市,专科,
1743,黄冈科技职业学院,4142013799,湖北省教育厅,黄冈市,专科,民办
1744,湖北国土资源职业学院,4142013800,湖北省,武汉市,专科,
1745,湖北生态工程职业技术学院,4142013801,湖北省,武汉市,专科,
1746,三峡电力职业学院,4142014061,湖北省,宜昌市,专科,
1747,湖北科技职业学院,4142014119,湖北省,武汉市,专科,
1748,湖北青年职业学院,4142014120,湖北省,武汉市,专科,
1749,湖北工程职业学院,4142014197,湖北省,黄石市,专科,
1750,三峡旅游职业技术学院,4142014258,湖北省,宜昌市,专科,
1751,天门职业学院,4142014355,湖北省,天门市,专科,
1752,湖北体育职业学院,4142014356,湖北省,武汉市,专科,
1753,襄阳汽车职业技术学院,4142014357,湖北省,襄阳市,专科,
1754,湖北幼儿师范高等专科学校,4142014467,湖北省,武汉市,专科,
1755,湖北铁道运输职业学院,4142014553,湖北省,武汉市,专科,
1756,武汉海事职业学院,4142014554,湖北省,武汉市,专科,
1757,长江艺术工程职业学院,4142014555,湖北省教育厅,荆州市,专科,民办
1758,荆门职业学院,4142014571,湖北省,荆门市,专科,
1759,武汉铁路桥梁职业学院,4142014590,湖北省,武汉市,专科,
1760,武汉光谷职业学院,4142014591,湖北省教育厅,武汉市,专科,民办
1761,湖北健康职业学院,4142014721,湖北省教育厅,咸宁市,专科,民办
1762,湖北孝感美珈职业学院,4142014755,湖北省教育厅,孝感市,专科,民办
1815,湘中幼儿师范高等专科学校,3643000496,湖南省,邵阳市,专科,
1816,长沙民政职业技术学院,4143010827,湖南省,长沙市,专科,
1817,湖南工业职业技术学院,4143010830,湖南省,长沙市,专科,
1818,株洲师范高等专科学校,4143010836,湖南省,株洲市,专科,
1819,湖南信息职业技术学院,4143010865,湖南省,长沙市,专科,
1820,湖南税务高等专科学校,4143011601,湖南省,长沙市,专科,
1821,湖南冶金职业技术学院,4143011604,湖南省,株洲市,专科,
1822,长沙航空职业技术学院,4143012055,空军装备部,长沙市,专科,
1823,湖南大众传媒职业技术学院,4143012300,湖南省,长沙市,专科,
1824,永州职业技术学院,4143012301,湖南省,永州市,专科,
1825,湖南铁道职业技术学院,4143012302,湖南省,株洲市,专科,
1826,湖南科技职业学院,4143012304,湖南省,长沙市,专科,
1827,湖南生物机电职业技术学院,4143012343,湖南省,长沙市,专科,
1828,湖南交通职业技术学院,4143012397,湖南省,长沙市,专科,
1829,湖南商务职业技术学院,4143012401,湖南省,长沙市,专科,
1830,湖南体育职业学院,4143012423,湖南省,长沙市,专科,
1831,湖南工程职业技术学院,4143012425,湖南省,长沙市,专科,
1832,保险职业学院,4143012596,湖南省,长沙市,专科,
1833,湖南外贸职业学院,4143012597,湖南省,长沙市,专科,
1834,湖南网络工程职业学院,4143012598,湖南省,长沙市,专科,
1835,邵阳职业技术学院,4143012600,湖南省,邵阳市,专科,
1836,湖南司法警官职业学院,4143012601,湖南省,长沙市,专科,
1837,长沙商贸旅游职业技术学院,4143012603,湖南省,长沙市,专科,
1838,湖南环境生物职业技术学院,4143012739,湖南省,衡阳市,专科,
1839,湖南邮电职业技术学院,4143012845,湖南省,长沙市,专科,
1840,湘潭医卫职业技术学院,4143012846,湖南省,湘潭市,专科,
1841,郴州职业技术学院,4143012847,湖南省,郴州市,专科,
1842,娄底职业技术学院,4143012848,湖南省,娄底市,专科,
1843,张家界航空工业职业技术学院,4143012849,湖南省,张家界市,专科,
1844,长沙环境保护职业技术学院,4143013031,湖南省,长沙市,专科,
1845,湖南艺术职业学院,4143013032,湖南省,长沙市,专科,
1846,湖南机电职业技术学院,4143013033,湖南省,长沙市,专科,
1847,长沙职业技术学院,4143013036,湖南省,长沙市,专科,
1848,怀化职业技术学院,4143013037,湖南省,怀化市,专科,
1849,岳阳职业技术学院,4143013038,湖南省,岳阳市,专科,
1850,常德职业技术学院,4143013039,湖南省,常德市,专科,
1851,长沙南方职业学院,4143013041,湖南省教育厅,长沙市,专科,民办
1852,潇湘职业学院,4143013042,湖南省教育厅,娄底市,专科,民办
1853,湖南化工职业技术学院,4143013043,湖南省,株洲市,专科,
1854,湖南城建职业技术学院,4143013044,湖南省,湘潭市,专科,
1855,湖南石油化工职业技术学院,4143013045,湖南省,岳阳市,专科,
1856,湖南中医药高等专科学校,4143013802,湖南省,株洲市,专科,
1857,湖南民族职业学院,4143013804,湖南省,岳阳市,专科,
1858,湘西民族职业技术学院,4143013805,湖南省,湘西土家族苗族自治州,专科,
1859,湖南财经工业职业技术学院,4143013807,湖南省,衡阳市,专科,
1860,益阳职业技术学院,4143013808,湖南省,益阳市,专科,
1861,湖南工艺美术职业学院,4143013921,湖南省,益阳市,专科,
1862,湖南九嶷职业技术学院,4143013922,湖南省,永州市,专科,
1863,湖南理工职业技术学院,4143013923,湖南省,湘潭市,专科,
1864,湖南汽车工程职业学院,4143013937,湖南省,株洲市,专科,
1865,长沙电力职业技术学院,4143013938,湖南省,长沙市,专科,
1866,湖南水利水电职业技术学院,4143013939,湖南省,长沙市,专科,
1867,湖南现代物流职业技术学院,4143013940,湖南省,长沙市,专科,
1868,湖南高速铁路职业技术学院,4143013941,湖南省,衡阳市,专科,
1869,湖南铁路科技职业技术学院,4143013942,湖南省,株洲市,专科,
1870,湖南安全技术职业学院,4143014025,湖南省,长沙市,专科,
1871,湖南电气职业技术学院,4143014071,湖南省,湘潭市,专科,
1872,湖南外国语职业学院,4143014072,湖南省教育厅,长沙市,专科,民办
1873,益阳医学高等专科学校,4143014097,湖南省,益阳市,专科,
1874,湖南都市职业学院,4143014121,湖南省教育厅,长沙市,专科,民办
1875,湖南电子科技职业学院,4143014122,湖南省教育厅,长沙市,专科,民办
1876,湖南国防工业职业技术学院,4143014182,湖南省,湘潭市,专科,
1877,湖南高尔夫旅游职业学院,4143014309,湖南省教育厅,常德市,专科,民办
1878,湖南工商职业学院,4143014310,湖南省教育厅,衡阳市,专科,民办
1879,湖南三一工业职业技术学院,4143014322,湖南省教育厅,长沙市,专科,民办
1880,长沙卫生职业学院,4143014358,湖南省,长沙市,专科,
1881,湖南食品药品职业学院,4143014359,湖南省,长沙市,专科,
1882,湖南有色金属职业技术学院,4143014360,湖南省,株洲市,专科,
1883,湖南吉利汽车职业技术学院,4143014406,湖南省教育厅,湘潭市,专科,民办
1884,湖南幼儿师范高等专科学校,4143014468,湖南省,常德市,专科,
1885,湘南幼儿师范高等专科学校,4143014495,湖南省,郴州市,专科,
1886,湖南劳动人事职业学院,4143014508,湖南省,长沙市,专科,
1887,怀化师范高等专科学校,4143014663,湖南省,怀化市,专科,
1888,永州师范高等专科学校,4143014690,湖南省,永州市,专科,
1889,衡阳幼儿师范高等专科学校,4143014691,湖南省,衡阳市,专科,
1890,长沙幼儿师范高等专科学校,4143014692,湖南省,长沙市,专科,
1958,顺德职业技术学院,4144010831,广东省,佛山市,专科,
1959,广东轻工职业技术学院,4144010833,广东省,广州市,专科,
1960,广东交通职业技术学院,4144010861,广东省,广州市,专科,
1961,广东水利电力职业技术学院,4144010862,广东省,广州市,专科,
1962,潮汕职业技术学院,4144010965,广东省教育厅,揭阳市,专科,民办
1963,深圳职业技术学院,4144011113,广东省,深圳市,专科,
1964,广东南华工商职业学院,4144011114,广东省,广州市,专科,
1965,私立华联学院,4144011121,广东省教育厅,广州市,专科,民办
1966,广州民航职业技术学院,4144012040,交通运输部（中国民用航空局）,广州市,专科,
1967,广州番禺职业技术学院,4144012046,广东省,广州市,专科,
1968,广东松山职业技术学院,4144012060,广东省,韶关市,专科,
1969,广东农工商职业技术学院,4144012322,广东省,广州市,专科,
1970,广东新安职业技术学院,4144012325,广东省教育厅,深圳市,专科,民办
1971,佛山职业技术学院,4144012327,广东省,佛山市,专科,
1972,广东科学技术职业学院,4144012572,广东省,广州市,专科,
1973,广东食品药品职业学院,4144012573,广东省,广州市,专科,
1974,广州康大职业技术学院,4144012575,广东省教育厅,广州市,专科,民办
1975,珠海艺术职业学院,4144012576,广东省教育厅,珠海市,专科,民办
1976,广东行政职业学院,4144012577,广东省,广州市,专科,
1977,广东体育职业技术学院,4144012578,广东省,广州市,专科,
1978,广东职业技术学院,4144012736,广东省,佛山市,专科,
1979,广东建设职业技术学院,4144012741,广东省,广州市,专科,
1980,广东女子职业技术学院,4144012742,广东省,广州市,专科,
1981,广东机电职业技术学院,4144012743,广东省,广州市,专科,
1982,广东岭南职业技术学院,4144012749,广东省教育厅,广州市,专科,民办
1983,汕尾职业技术学院,4144012765,广东省,汕尾市,专科,
1984,罗定职业技术学院,4144012770,广东省,云浮市,专科,
1985,阳江职业技术学院,4144012771,广东省,阳江市,专科,
1986,河源职业技术学院,4144012772,广东省,河源市,专科,
1987,广东邮电职业技术学院,4144012953,广东省,广州市,专科,
1988,汕头职业技术学院,4144012954,广东省,汕头市,专科,
1989,揭阳职业技术学院,4144012956,广东省,揭阳市,专科,
1990,深圳信息职业技术学院,4144012957,广东省,深圳市,专科,
1991,清远职业技术学院,4144012958,广东省,清远市,专科,
1992,广东工贸职业技术学院,4144012959,广东省,广州市,专科,
1993,广东司法警官职业学院,4144012960,广东省,广州市,专科,
1994,广东亚视演艺职业学院,4144012961,广东省教育厅,东莞市,专科,民办
1995,广东省外语艺术职业学院,4144012962,广东省,广州市,专科,
1996,广东文艺职业学院,4144013707,广东省,广州市,专科,
1997,广州体育职业技术学院,4144013708,广东省,广州市,专科,
1998,广州工程技术职业学院,4144013709,广东省,广州市,专科,
1999,中山火炬职业技术学院,4144013710,广东省,中山市,专科,
2000,江门职业技术学院,4144013711,广东省,江门市,专科,
2001,茂名职业技术学院,4144013712,广东省,茂名市,专科,
2002,珠海城市职业技术学院,4144013713,广东省,珠海市,专科,
2003,广州涉外经济职业技术学院,4144013715,广东省教育厅,广州市,专科,民办
2004,广州南洋理工职业学院,4144013716,广东省教育厅,广州市,专科,民办
2005,惠州经济职业技术学院,4144013718,广东省教育厅,惠州市,专科,民办
2006,肇庆医学高等专科学校,4144013810,广东省,肇庆市,专科,
2007,广州现代信息工程职业技术学院,4144013912,广东省教育厅,广州市,专科,民办
2008,广东理工职业学院,4144013919,广东省,广州市,专科,
2009,广州华南商贸职业学院,4144013927,广东省教育厅,广州市,专科,民办
2010,广州华立科技职业学院,4144013928,广东省教育厅,广州市,专科,民办
2011,广州城市职业学院,4144013929,广东省,广州市,专科,
2012,广东工程职业技术学院,4144013930,广东省,广州市,专科,
2013,广州铁路职业技术学院,4144013943,广东省,广州市,专科,
2014,广东科贸职业学院,4144014063,广东省,广州市,专科,
2015,广州科技贸易职业学院,4144014065,广东省,广州市,专科,
2016,中山职业技术学院,4144014066,广东省,中山市,专科,
2017,广州珠江职业技术学院,4144014123,广东省教育厅,广州市,专科,民办
2018,广州松田职业学院,4144014125,广东省教育厅,广州市,专科,民办
2019,广东文理职业学院,4144014126,广东省教育厅,湛江市,专科,民办
2020,广州城建职业学院,4144014136,广东省教育厅,广州市,专科,民办
2021,东莞职业技术学院,4144014263,广东省,东莞市,专科,
2022,广东南方职业学院,4144014265,广东省教育厅,江门市,专科,民办
2023,广州华商职业学院,4144014266,广东省教育厅,广州市,专科,民办
2024,广州华夏职业学院,4144014268,广东省教育厅,广州市,专科,民办
2025,广东环境保护工程职业学院,4144014311,广东省,佛山市,专科,
2026,广东青年职业学院,4144014361,广东省,广州市,专科,
2027,广州东华职业学院,4144014362,广东省教育厅,广州市,专科,民办
2028,广东创新科技职业学院,4144014363,广东省教育厅,东莞市,专科,民办
2029,广东舞蹈戏剧职业学院,4144014407,广东省,广州市,专科,
2030,惠州卫生职业技术学院,4144014408,广东省,惠州市,专科,
2031,广东信息工程职业学院,4144014427,广东省教育厅,肇庆市,专科,民办
2032,广东生态工程职业学院,4144014509,广东省,广州市,专科,
2033,惠州城市职业学院,4144014510,广东省,惠州市,专科,
2034,广东碧桂园职业学院,4144014511,广东省教育厅,清远市,专科,民办
2035,广东茂名健康职业学院,4144014556,广东省,茂名市,专科,
2036,广东酒店管理职业技术学院,4144014572,广东省教育厅,东莞市,专科,民办
2037,广东茂名幼儿师范专科学校,4144014587,广东省,茂名市,专科,
2038,广州卫生职业技术学院,4144014592,广东省,广州市,专科,
2039,惠州工程职业学院,4144014609,广东省,惠州市,专科,
2040,广东江门中医药职业学院,4144014610,广东省,江门市,专科,
2041,广东茂名农林科技职业学院,4144014638,广东省,茂名市,专科,
2042,广东江门幼儿师范高等专科学校,4144014664,广东省,江门市,专科,
2043,广东财贸职业学院,4144014667,广东省,清远市,专科,
2044,广州幼儿师范高等专科学校,4144014756,广东省,广州市,专科,
2045,广东汕头幼儿师范高等专科学校,4144014757,广东省,汕头市,专科,
2046,广东梅州职业技术学院,4144014758,广东省,梅州市,专科,
2047,广东潮州卫生健康职业学院,4144014759,广东省,潮州市,专科,
2048,广东云浮中医药职业学院,4144014760,广东省,云浮市,专科,
2049,广东肇庆航空职业学院,4144014761,广东省教育厅,肇庆市,专科,民办
2050,湛江幼儿师范专科学校,4244050853,广东省,湛江市,专科,
2089,桂林生命与健康职业技术学院,4145010035,广西壮族自治区教育厅,桂林市,专科,民办
2090,广西机电职业技术学院,4145010867,广西壮族自治区,南宁市,专科,
2091,广西体育高等专科学校,4145011350,广西壮族自治区,南宁市,专科,
2092,南宁职业技术学院,4145011355,广西壮族自治区,南宁市,专科,
2093,广西水利电力职业技术学院,4145011608,广西壮族自治区,南宁市,专科,
2094,桂林师范高等专科学校,4145011671,广西壮族自治区,桂林市,专科,
2095,广西职业技术学院,4145011773,广西壮族自治区,南宁市,专科,
2096,柳州职业技术学院,4145012104,广西壮族自治区,柳州市,专科,
2097,广西生态工程职业技术学院,4145012344,广西壮族自治区,柳州市,专科,
2098,广西交通职业技术学院,4145012356,广西壮族自治区,南宁市,专科,
2099,广西工业职业技术学院,4145012364,广西壮族自治区,南宁市,专科,
2100,广西国际商务职业技术学院,4145012379,广西壮族自治区,南宁市,专科,
2101,柳州铁道职业技术学院,4145012392,广西壮族自治区,柳州市,专科,
2102,广西建设职业技术学院,4145013138,广西壮族自治区,南宁市,专科,
2103,广西现代职业技术学院,4145013522,广西壮族自治区,河池市,专科,
2104,北海职业学院,4145013523,广西壮族自治区,北海市,专科,
2105,桂林山水职业学院,4145013526,广西壮族自治区教育厅,桂林市,专科,民办
2106,广西经贸职业技术学院,4145013827,广西壮族自治区,南宁市,专科,
2107,广西工商职业技术学院,4145013828,广西壮族自治区,南宁市,专科,
2108,广西演艺职业学院,4145013829,广西壮族自治区教育厅,南宁市,专科,民办
2109,广西电力职业技术学院,4145013831,广西壮族自治区,南宁市,专科,
2110,广西英华国际职业学院,4145014026,广西壮族自治区教育厅,钦州市,专科,民办
2111,柳州城市职业学院,4145014067,广西壮族自治区,柳州市,专科,
2112,百色职业学院,4145014068,广西壮族自治区,百色市,专科,
2113,广西工程职业学院,4145014127,广西壮族自治区教育厅,百色市,专科,民办
2114,广西理工职业技术学院,4145014170,广西壮族自治区教育厅,崇左市,专科,民办
2115,梧州职业学院,4145014171,广西壮族自治区,梧州市,专科,
2116,广西经济职业学院,4145014211,广西壮族自治区教育厅,南宁市,专科,民办
2117,广西幼儿师范高等专科学校,4145014220,广西壮族自治区,南宁市,专科,
2118,广西科技职业学院,4145014312,广西壮族自治区教育厅,崇左市,专科,民办
2119,广西卫生职业技术学院,4145014313,广西壮族自治区,南宁市,专科,
2120,广西培贤国际职业学院,4145014481,广西壮族自治区教育厅,百色市,专科,民办
2121,广西金融职业技术学院,4145014512,广西壮族自治区,南宁市,专科,
2122,广西中远职业学院,4145014546,广西壮族自治区教育厅,崇左市,专科,民办
2123,玉柴职业技术学院,4145014573,广西壮族自治区教育厅,玉林市,专科,民办
2124,广西蓝天航空职业学院,4145014574,广西壮族自治区教育厅,来宾市,专科,民办
2125,广西安全工程职业技术学院,4145014611,广西壮族自治区,南宁市,专科,
2126,广西自然资源职业技术学院,4145014668,广西壮族自治区,崇左市,专科,
2127,钦州幼儿师范高等专科学校,4145014693,广西壮族自治区,钦州市,专科,
2128,梧州医学高等专科学校,4145014694,广西壮族自治区教育厅,梧州市,专科,民办
2129,广西制造工程职业技术学院,4145014722,广西壮族自治区,南宁市,专科,
2130,广西物流职业技术学院,4145014723,广西壮族自治区,贵港市,专科,
2131,防城港职业技术学院,4145014762,广西壮族自治区,防城港市,专科,
2132,广西信息职业技术学院,4145014763,广西壮族自治区,南宁市,专科,
2133,广西农业工程职业技术学院,4145014764,广西壮族自治区,崇左市,专科,
2134,北海康养职业学院,4145014765,广西壮族自治区教育厅,北海市,专科,民办
2135,崇左幼儿师范高等专科学校,4245051675,广西壮族自治区,崇左市,专科,
2144,海南职业技术学院,4146011999,海南省,海口市,专科,
2145,三亚城市职业学院,4146012717,海南省教育厅,三亚市,专科,民办
2146,海南软件职业技术学院,4146013575,海南省,琼海市,专科,
2147,海南政法职业学院,4146013576,海南省,海口市,专科,
2148,海南外国语职业学院,4146013577,海南省,文昌市,专科,
2149,海南经贸职业技术学院,4146013875,海南省,海口市,专科,
2150,海南工商职业学院,4146013876,海南省教育厅,海口市,专科,民办
2151,三亚航空旅游职业学院,4146013931,海南省教育厅,三亚市,专科,民办
2152,三亚理工职业学院,4146014236,海南省教育厅,三亚市,专科,民办
2153,海南体育职业技术学院,4146014575,海南省,海口市,专科,
2154,三亚中瑞酒店管理职业学院,4146014612,海南省教育厅,三亚市,专科,民办
2155,海南健康管理职业技术学院,4146014639,海南省教育厅,海口市,专科,民办
2156,海南卫生健康职业学院,4146014724,海南省,海口市,专科,
2183,重庆航天职业技术学院,4150010870,重庆市,重庆市,专科,
2184,重庆电力高等专科学校,4150011848,重庆市,重庆市,专科,
2185,重庆工业职业技术学院,4150012215,重庆市,重庆市,专科,
2186,重庆三峡职业学院,4150012605,重庆市,重庆市,专科,
2187,重庆工贸职业技术学院,4150012606,重庆市,重庆市,专科,
2188,重庆电子工程职业学院,4150012609,重庆市,重庆市,专科,
2189,重庆海联职业技术学院,4150012754,重庆市教委,重庆市,专科,民办
2190,重庆信息技术职业学院,4150012755,重庆市教委,重庆市,专科,民办
2191,重庆传媒职业学院,4150012756,重庆市教委,重庆市,专科,民办
2192,重庆城市管理职业学院,4150012758,重庆市,重庆市,专科,
2193,重庆工程职业技术学院,4150012759,重庆市,重庆市,专科,
2194,重庆建筑科技职业学院,4150012820,重庆市教委,重庆市,专科,民办
2195,重庆城市职业学院,4150013734,重庆市,重庆市,专科,
2196,重庆水利电力职业技术学院,4150013735,重庆市,重庆市,专科,
2197,重庆工商职业学院,4150013967,重庆市,重庆市,专科,
2198,重庆应用技术职业学院,4150013968,重庆市教委,重庆市,专科,民办
2199,重庆三峡医药高等专科学校,4150014008,重庆市,重庆市,专科,
2200,重庆医药高等专科学校,4150014009,重庆市,重庆市,专科,
2201,重庆青年职业技术学院,4150014069,重庆市,重庆市,专科,
2202,重庆财经职业学院,4150014128,重庆市,重庆市,专科,
2203,重庆科创职业学院,4150014173,重庆市教委,重庆市,专科,民办
2204,重庆建筑工程职业学院,4150014183,重庆市,重庆市,专科,
2205,重庆电讯职业学院,4150014237,重庆市教委,重庆市,专科,民办
2206,重庆能源职业学院,4150014238,重庆市教委,重庆市,专科,民办
2207,重庆商务职业学院,4150014246,重庆市,重庆市,专科,
2208,重庆交通职业学院,4150014267,重庆市教委,重庆市,专科,民办
2209,重庆化工职业学院,4150014315,重庆市,重庆市,专科,
2210,重庆旅游职业学院,4150014316,重庆市,重庆市,专科,
2211,重庆安全技术职业学院,4150014365,重庆市,重庆市,专科,
2212,重庆公共运输职业学院,4150014366,重庆市教委,重庆市,专科,民办
2213,重庆艺术工程职业学院,4150014367,重庆市教委,重庆市,专科,民办
2214,重庆轻工职业学院,4150014368,重庆市教委,重庆市,专科,民办
2215,重庆电信职业学院,4150014369,重庆市教委,重庆市,专科,民办
2216,重庆经贸职业学院,4150014370,重庆市教委,重庆市,专科,民办
2217,重庆幼儿师范高等专科学校,4150014428,重庆市,重庆市,专科,
2218,重庆文化艺术职业学院,4150014482,重庆市,重庆市,专科,
2219,重庆科技职业学院,4150014491,重庆市教委,重庆市,专科,民办
2220,重庆资源与环境保护职业学院,4150014557,重庆市教委,重庆市,专科,民办
2221,重庆护理职业学院,4150014576,重庆市教委,重庆市,专科,民办
2222,重庆理工职业学院,4150014725,重庆市教委,重庆市,专科,民办
2223,重庆智能工程职业学院,4150014726,重庆市教委,重庆市,专科,民办
2224,重庆健康职业学院,4150014727,重庆市教委,重庆市,专科,民办
2225,重庆工信职业学院,4150014766,重庆市,重庆市,专科,
2279,成都纺织高等专科学校,4151011553,四川省,成都市,专科,
2280,民办四川天一学院,4151011841,四川省教育厅,成都市,专科,民办
2281,成都航空职业技术学院,4151012064,四川省,成都市,专科,
2282,四川电力职业技术学院,4151012065,四川省,成都市,专科,
2283,成都职业技术学院,4151012635,四川省,成都市,专科,
2284,四川化工职业技术学院,4151012637,四川省,泸州市,专科,
2285,四川水利职业技术学院,4151012638,四川省,成都市,专科,
2286,南充职业技术学院,4151012639,四川省,南充市,专科,
2287,内江职业技术学院,4151012640,四川省,内江市,专科,
2288,四川航天职业技术学院,4151012641,四川省,成都市,专科,
2289,四川邮电职业技术学院,4151012642,四川省,成都市,专科,
2290,四川机电职业技术学院,4151012751,四川省,攀枝花市,专科,
2291,绵阳职业技术学院,4151012753,四川省,绵阳市,专科,
2292,四川交通职业技术学院,4151012761,四川省,成都市,专科,
2293,四川工商职业技术学院,4151012762,四川省,成都市,专科,
2294,四川工程职业技术学院,4151012763,四川省,德阳市,专科,
2295,四川建筑职业技术学院,4151012764,四川省,德阳市,专科,
2296,达州职业技术学院,4151012767,四川省,达州市,专科,
2297,四川托普信息技术职业学院,4151012963,四川省教育厅,成都市,专科,民办
2298,四川国际标榜职业学院,4151012964,四川省教育厅,成都市,专科,民办
2299,成都农业科技职业学院,4151012965,四川省,成都市,专科,
2300,宜宾职业技术学院,4151012966,四川省,宜宾市,专科,
2301,泸州职业技术学院,4151012967,四川省,泸州市,专科,
2302,眉山职业技术学院,4151012968,四川省,眉山市,专科,
2303,四川职业技术学院,4151012970,四川省,遂宁市,专科,
2304,乐山职业技术学院,4151013048,四川省,乐山市,专科,
2305,雅安职业技术学院,4151013049,四川省,雅安市,专科,
2306,四川商务职业学院,4151013812,四川省,成都市,专科,
2307,四川司法警官职业学院,4151013813,四川省,德阳市,专科,
2308,广安职业技术学院,4151013814,四川省,广安市,专科,
2309,四川信息职业技术学院,4151013815,四川省,广元市,专科,
2310,四川文化传媒职业学院,4151014004,四川省教育厅,成都市,专科,民办
2311,四川华新现代职业学院,4151014005,四川省教育厅,成都市,专科,民办
2312,四川铁道职业学院,4151014006,四川省,成都市,专科,
2313,四川艺术职业学院,4151014007,四川省,成都市,专科,
2314,四川中医药高等专科学校,4151014010,四川省,绵阳市,专科,
2315,四川科技职业学院,4151014070,四川省教育厅,成都市,专科,民办
2316,四川文化产业职业学院,4151014086,四川省,成都市,专科,
2317,四川财经职业学院,4151014091,四川省,成都市,专科,
2318,四川城市职业学院,4151014175,四川省教育厅,成都市,专科,民办
2319,四川现代职业学院,4151014176,四川省教育厅,成都市,专科,民办
2320,四川幼儿师范高等专科学校,4151014221,四川省,绵阳市,专科,
2321,四川长江职业学院,4151014323,四川省教育厅,成都市,专科,民办
2322,四川三河职业学院,4151014386,四川省教育厅,泸州市,专科,民办
2323,川北幼儿师范高等专科学校,4151014393,四川省,广元市,专科,
2324,四川卫生康复职业学院,4151014409,四川省,自贡市,专科,
2325,四川汽车职业技术学院,4151014411,四川省教育厅,绵阳市,专科,民办
2326,巴中职业技术学院,4151014483,四川省教育厅,巴中市,专科,民办
2327,四川希望汽车职业学院,4151014484,四川省教育厅,资阳市,专科,民办
2328,四川电子机械职业技术学院,4151014485,四川省教育厅,绵阳市,专科,民办
2329,四川文轩职业学院,4151014486,四川省教育厅,成都市,专科,民办
2330,川南幼儿师范高等专科学校,4151014496,四川省,内江市,专科,
2331,四川护理职业学院,4151014513,四川省,德阳市,专科,
2332,成都工业职业技术学院,4151014514,四川省,成都市,专科,
2333,四川西南航空职业学院,4151014515,四川省教育厅,成都市,专科,民办
2334,成都工贸职业技术学院,4151014547,四川省,成都市,专科,
2335,四川应用技术职业学院,4151014548,四川省教育厅,凉山彝族自治州,专科,民办
2336,西昌民族幼儿师范高等专科学校,4151014629,四川省,凉山彝族自治州,专科,
2337,眉山药科职业学院,4151014640,四川省教育厅,眉山市,专科,民办
2338,天府新区信息职业学院,4151014641,四川省教育厅,眉山市,专科,民办
2339,德阳城市轨道交通职业学院,4151014642,四川省教育厅,德阳市,专科,民办
2340,德阳科贸职业学院,4151014643,四川省教育厅,德阳市,专科,民办
2341,江阳城建职业学院,4151014644,四川省教育厅,泸州市,专科,民办
2342,天府新区航空旅游职业学院,4151014645,四川省教育厅,眉山市,专科,民办
2343,天府新区通用航空职业学院,4151014646,四川省教育厅,眉山市,专科,民办
2344,阿坝职业学院,4151014647,四川省,阿坝藏族羌族自治州,专科,
2345,达州中医药职业学院,4151014669,四川省,达州市,专科,
2346,内江卫生与健康职业学院,4151014670,四川省,内江市,专科,
2347,南充科技职业学院,4151014671,四川省教育厅,南充市,专科,民办
2348,攀枝花攀西职业学院,4151014672,四川省教育厅,攀枝花市,专科,民办
2349,资阳口腔职业学院,4151014673,四川省教育厅,资阳市,专科,民办
2350,资阳环境科技职业学院,4151014674,四川省教育厅,资阳市,专科,民办
2351,南充文化旅游职业学院,4151014728,四川省,南充市,专科,
2352,南充电影工业职业学院,4151014729,四川省教育厅,南充市,专科,民办
2353,绵阳飞行职业学院,4151014730,四川省教育厅,绵阳市,专科,民办
2354,德阳农业科技职业学院,4151014731,四川省教育厅,德阳市,专科,民办
2355,泸州医疗器械职业学院,4151014732,四川省教育厅,泸州市,专科,民办
2356,甘孜职业学院,4151014767,四川省,甘孜藏族自治州,专科,
2357,自贡职业技术学院,4151014768,四川省教育厅,自贡市,专科,民办
2358,广元中核职业技术学院,4251050881,四川省教育厅,广元市,专科,民办
2359,四川体育职业学院,4251051351,四川省,成都市,专科,
2389,黔南民族医学高等专科学校,4152011663,贵州省,黔南布依族苗族自治州,专科,
2390,贵州交通职业技术学院,4152012222,贵州省,贵阳市,专科,
2391,贵州航天职业技术学院,4152012223,贵州省,遵义市,专科,
2392,贵州电子信息职业技术学院,4152012336,贵州省,黔东南苗族侗族自治州,专科,
2393,安顺职业技术学院,4152012821,贵州省,安顺市,专科,
2394,黔东南民族职业技术学院,4152012822,贵州省,黔东南苗族侗族自治州,专科,
2395,黔南民族职业技术学院,4152012823,贵州省,黔南布依族苗族自治州,专科,
2396,遵义职业技术学院,4152012824,贵州省,遵义市,专科,
2397,贵州城市职业学院,4152012850,贵州省教育厅,贵阳市,专科,民办
2398,贵州工业职业技术学院,4152013052,贵州省,贵阳市,专科,
2399,贵州电力职业技术学院,4152013053,贵州省,贵阳市,专科,
2400,六盘水职业技术学院,4152013054,贵州省,六盘水市,专科,
2401,铜仁职业技术学院,4152013055,贵州省,铜仁市,专科,
2402,黔西南民族职业技术学院,4152013817,贵州省,黔西南布依族苗族自治州,专科,
2403,贵州轻工职业技术学院,4152013818,贵州省,贵阳市,专科,
2404,遵义医药高等专科学校,4152014011,贵州省,遵义市,专科,
2405,贵阳职业技术学院,4152014129,贵州省,贵阳市,专科,
2406,毕节职业技术学院,4152014198,贵州省,毕节市,专科,
2407,贵州职业技术学院,4152014252,贵州省,贵阳市,专科,
2408,贵州盛华职业学院,4152014371,贵州省教育厅,黔南布依族苗族自治州,专科,民办
2409,贵州工商职业学院,4152014412,贵州省教育厅,贵阳市,专科,民办
2410,贵阳幼儿师范高等专科学校,4152014469,贵州省,贵阳市,专科,
2411,铜仁幼儿师范高等专科学校,4152014470,贵州省,铜仁市,专科,
2412,黔南民族幼儿师范高等专科学校,4152014497,贵州省,黔南布依族苗族自治州,专科,
2413,毕节医学高等专科学校,4152014499,贵州省,毕节市,专科,
2414,贵州建设职业技术学院,4152014516,贵州省,贵阳市,专科,
2415,毕节幼儿师范高等专科学校,4152014538,贵州省,毕节市,专科,
2416,贵州农业职业学院,4152014549,贵州省,贵阳市,专科,
2417,贵州工程职业学院,4152014558,贵州省教育厅,铜仁市,专科,民办
2418,贵州工贸职业学院,4152014559,贵州省教育厅,毕节市,专科,民办
2419,贵州水利水电职业技术学院,4152014577,贵州省,贵阳市,专科,
2420,贵州电子商务职业技术学院,4152014578,贵州省,贵阳市,专科,
2421,贵州应用技术职业学院,4152014579,贵州省教育厅,黔南布依族苗族自治州,专科,民办
2422,贵州电子科技职业学院,4152014580,贵州省,贵阳市,专科,
2423,贵州装备制造职业学院,4152014613,贵州省,贵阳市,专科,
2424,贵州健康职业学院,4152014614,贵州省,铜仁市,专科,
2425,贵州食品工程职业学院,4152014615,贵州省,贵阳市,专科,
2426,贵州经贸职业技术学院,4152014616,贵州省,黔南布依族苗族自治州,专科,
2427,贵州护理职业技术学院,4152014617,贵州省,黔南布依族苗族自治州,专科,
2428,六盘水幼儿师范高等专科学校,4152014630,贵州省,六盘水市,专科,
2429,毕节工业职业技术学院,4152014648,贵州省,毕节市,专科,
2430,贵州机电职业技术学院,4152014733,贵州省,黔南布依族苗族自治州,专科,
2431,贵州财经职业学院,4152014734,贵州省,贵阳市,专科,
2432,贵州民用航空职业学院,4152014735,贵州省教育厅,安顺市,专科,民办
2433,贵州文化旅游职业学院,4152014769,贵州省,贵阳市,专科,
2434,贵州航空职业技术学院,4252050963,贵州省,贵阳市,专科,
2467,昆明冶金高等专科学校,4153011557,云南省,昆明市,专科,
2468,云南国土资源职业学院,4153012349,云南省,昆明市,专科,
2469,云南交通职业技术学院,4153012357,云南省,昆明市,专科,
2470,昆明工业职业技术学院,4153012393,云南省,昆明市,专科,
2471,云南农业职业技术学院,4153012555,云南省,昆明市,专科,
2472,云南司法警官职业学院,4153012556,云南省,昆明市,专科,
2473,云南文化艺术职业学院,4153012558,云南省,昆明市,专科,
2474,云南体育运动职业技术学院,4153012559,云南省,昆明市,专科,
2475,云南科技信息职业学院,4153012825,云南省教育厅,昆明市,专科,民办
2476,西双版纳职业技术学院,4153012826,云南省,西双版纳傣族自治州,专科,
2477,昆明艺术职业学院,4153012851,云南省教育厅,昆明市,专科,民办
2478,玉溪农业职业技术学院,4153012971,云南省,玉溪市,专科,
2479,云南能源职业技术学院,4153013136,云南省,曲靖市,专科,
2480,云南国防工业职业技术学院,4153013756,云南省,昆明市,专科,
2481,云南机电职业技术学院,4153013757,云南省,昆明市,专科,
2482,云南林业职业技术学院,4153013758,云南省,昆明市,专科,
2483,云南城市建设职业学院,4153013759,云南省教育厅,昆明市,专科,民办
2484,云南工程职业学院,4153013761,云南省教育厅,昆明市,专科,民办
2485,曲靖医学高等专科学校,4153014012,云南省,曲靖市,专科,
2486,楚雄医药高等专科学校,4153014013,云南省,楚雄彝族自治州,专科,
2487,保山中医药高等专科学校,4153014014,云南省,保山市,专科,
2488,丽江师范高等专科学校,4153014015,云南省,丽江市,专科,
2489,德宏师范高等专科学校,4153014016,云南省,德宏傣族景颇族自治州,专科,
2490,云南新兴职业学院,4153014032,云南省教育厅,昆明市,专科,民办
2491,云南锡业职业技术学院,4153014130,云南省,红河哈尼族彝族自治州,专科,
2492,云南经贸外事职业学院,4153014212,云南省教育厅,昆明市,专科,民办
2493,云南三鑫职业技术学院,4153014239,云南省教育厅,文山壮族苗族自治州,专科,民办
2494,德宏职业学院,4153014253,云南省,德宏傣族景颇族自治州,专科,
2495,云南商务职业学院,4153014317,云南省教育厅,昆明市,专科,民办
2496,昆明卫生职业学院,4153014372,云南省教育厅,昆明市,专科,民办
2497,云南现代职业技术学院,4153014373,云南省,楚雄彝族自治州,专科,
2498,云南旅游职业学院,4153014381,云南省,昆明市,专科,
2499,红河卫生职业学院,4153014413,云南省,红河哈尼族彝族自治州,专科,
2500,云南外事外语职业学院,4153014415,云南省教育厅,昆明市,专科,民办
2501,大理农林职业技术学院,4153014487,云南省,大理白族自治州,专科,
2502,公安消防部队高等专科学校,4153014534,应急管理部,昆明市,专科,
2503,云南财经职业学院,4153014550,云南省,昆明市,专科,
2504,昆明铁道职业技术学院,4153014581,云南省,昆明市,专科,
2505,昭通卫生职业学院,4153014582,云南省,昭通市,专科,
2506,大理护理职业学院,4153014583,云南省,大理白族自治州,专科,
2507,云南水利水电职业学院,4153014584,云南省,昆明市,专科,
2508,云南轻纺职业学院,4153014618,云南省,昆明市,专科,
2509,云南特殊教育职业学院,4153014619,云南省,昆明市,专科,
2510,云南工贸职业技术学院,4153014620,云南省,昆明市,专科,
2511,云南交通运输职业学院,4153014621,云南省,昆明市,专科,
2512,昆明幼儿师范高等专科学校,4153014631,云南省,昆明市,专科,
2513,云南医药健康职业学院,4153014649,云南省教育厅,昆明市,专科,民办
2514,云南理工职业学院,4153014675,云南省教育厅,昆明市,专科,民办
2515,曲靖职业技术学院,4153014676,云南省,曲靖市,专科,
2516,红河职业技术学院,4153014736,云南省,红河州,专科,
2521,西藏警官高等专科学校,4154010692,西藏自治区,拉萨市,专科,
2522,拉萨师范高等专科学校,4154012481,西藏自治区,拉萨市,专科,
2523,西藏职业技术学院,4154014085,西藏自治区,拉萨市,专科,
2581,陕西工业职业技术学院,4161010828,陕西省,咸阳市,专科,
2582,杨凌职业技术学院,4161010966,陕西省,咸阳市,专科,
2583,西安电力高等专科学校,4161011826,陕西省,西安市,专科,
2584,陕西能源职业技术学院,4161012510,陕西省,咸阳市,专科,
2585,陕西国防工业职业技术学院,4161012827,陕西省,西安市,专科,
2586,西安航空职业技术学院,4161012828,陕西省,西安市,专科,
2587,陕西财经职业技术学院,4161012829,陕西省,咸阳市,专科,
2588,陕西交通职业技术学院,4161012830,陕西省,西安市,专科,
2589,陕西职业技术学院,4161012831,陕西省,西安市,专科,
2590,西安高新科技职业学院,4161013122,陕西省教育厅,西安市,专科,民办
2591,西安城市建设职业学院,4161013124,陕西省教育厅,西安市,专科,民办
2592,陕西铁路工程职业技术学院,4161013566,陕西省,渭南市,专科,
2593,宝鸡职业技术学院,4161013567,陕西省,宝鸡市,专科,
2594,陕西航空职业技术学院,4161013568,陕西省,汉中市,专科,
2595,陕西电子信息职业技术学院,4161013570,陕西省教育厅,西安市,专科,民办
2596,陕西邮电职业技术学院,4161013736,陕西省,咸阳市,专科,
2597,西安海棠职业学院,4161013737,陕西省教育厅,西安市,专科,民办
2598,西安健康工程职业学院,4161013739,陕西省教育厅,西安市,专科,民办
2599,陕西警官职业学院,4161013819,陕西省,西安市,专科,
2600,陕西经济管理职业技术学院,4161013932,陕西省,西安市,专科,
2601,西安铁路职业技术学院,4161013945,陕西省,西安市,专科,
2602,咸阳职业技术学院,4161013946,陕西省,咸阳市,专科,
2603,西安职业技术学院,4161013947,陕西省,西安市,专科,
2604,商洛职业技术学院,4161013948,陕西省,商洛市,专科,
2605,汉中职业技术学院,4161013949,陕西省,汉中市,专科,
2606,延安职业技术学院,4161013950,陕西省,延安市,专科,
2607,渭南职业技术学院,4161013951,陕西省,渭南市,专科,
2608,安康职业技术学院,4161013952,陕西省,安康市,专科,
2609,铜川职业技术学院,4161013953,陕西省,铜川市,专科,
2610,陕西青年职业学院,4161014028,陕西省,西安市,专科,
2611,陕西工商职业学院,4161014029,陕西省,西安市,专科,
2612,陕西旅游烹饪职业学院,4161014031,陕西省教育厅,西安市,专科,民办
2613,西安医学高等专科学校,4161014222,陕西省教育厅,西安市,专科,民办
2614,榆林职业技术学院,4161014318,陕西省,榆林市,专科,
2615,陕西艺术职业学院,4161014488,陕西省,西安市,专科,
2616,神木职业技术学院,4161014650,陕西省,神木市,专科,
2617,宝鸡三和职业学院,4161014651,陕西省教育厅,宝鸡市,专科,民办
2618,榆林能源科技职业学院,4161014737,陕西省教育厅,榆林市,专科,民办
2619,宝鸡中北职业学院,4161014770,陕西省教育厅,宝鸡市,专科,民办
2620,陕西机电职业技术学院,4261050084,陕西省,宝鸡市,专科,
2643,陇南师范高等专科学校,4162011806,甘肃省,陇南市,专科,
2644,定西师范高等专科学校,4162011808,甘肃省,定西市,专科,
2645,甘肃建筑职业技术学院,4162012511,甘肃省,兰州市,专科,
2646,酒泉职业技术学院,4162012539,甘肃省,酒泉市,专科,
2647,兰州外语职业学院,4162012832,甘肃省教育厅,兰州市,专科,民办
2648,兰州职业技术学院,4162012833,甘肃省,兰州市,专科,
2649,甘肃警察职业学院,4162012834,甘肃省,兰州市,专科,
2650,甘肃林业职业技术学院,4162012835,甘肃省,天水市,专科,
2651,甘肃工业职业技术学院,4162012836,甘肃省,天水市,专科,
2652,武威职业学院,4162013518,甘肃省,武威市,专科,
2653,甘肃交通职业技术学院,4162013519,甘肃省,兰州市,专科,
2654,甘肃农业职业技术学院,4162013954,甘肃省,兰州市,专科,
2655,甘肃畜牧工程职业技术学院,4162013955,甘肃省,武威市,专科,
2656,甘肃钢铁职业技术学院,4162014131,甘肃省,嘉峪关市,专科,
2657,甘肃机电职业技术学院,4162014319,甘肃省,天水市,专科,
2658,甘肃有色冶金职业技术学院,4162014375,甘肃省,金昌市,专科,
2659,白银矿冶职业技术学院,4162014376,甘肃省,白银市,专科,
2660,甘肃卫生职业学院,4162014517,甘肃省,兰州市,专科,
2661,兰州科技职业学院,4162014518,甘肃省教育厅,兰州市,专科,民办
2662,庆阳职业技术学院,4162014551,甘肃省,庆阳市,专科,
2663,临夏现代职业学院,4162014552,甘肃省,临夏州,专科,
2664,兰州现代职业学院,4162014594,甘肃省,兰州市,专科,
2665,平凉职业技术学院,4162014595,甘肃省,平凉市,专科,
2666,培黎职业学院,4162014738,甘肃省,张掖市,专科,
2667,兰州航空职业技术学院,4162014771,甘肃省,兰州市,专科,
2668,白银希望职业技术学院,4162014772,甘肃省教育厅,白银市,专科,民办
2669,甘肃财贸职业学院,4262051378,甘肃省,兰州市,专科,
2674,青海卫生职业技术学院,4163012562,青海省,西宁市,专科,
2675,青海警官职业学院,4163012852,青海省,西宁市,专科,
2676,青海畜牧兽医职业技术学院,4163012972,青海省,西宁市,专科,
2677,青海交通职业技术学院,4163012973,青海省,西宁市,专科,
2678,青海建筑职业技术学院,4163012974,青海省,西宁市,专科,
2679,西宁城市职业技术学院,4163014519,青海省,西宁市,专科,
2680,青海高等职业技术学院,4163014520,青海省,海东市,专科,
2681,青海柴达木职业技术学院,4163014521,青海省,海西蒙古族藏族自治州,专科,
2690,宁夏民族职业技术学院,4164012716,宁夏回族自治区,吴忠市,专科,
2691,宁夏工业职业学院,4164012837,宁夏回族自治区,银川市,专科,
2692,宁夏职业技术学院,4164013086,宁夏回族自治区,银川市,专科,
2693,宁夏工商职业技术学院,4164013087,宁夏回族自治区,银川市,专科,
2694,宁夏财经职业技术学院,4164013088,宁夏回族自治区,银川市,专科,
2695,宁夏警官职业学院,4164013089,宁夏回族自治区,银川市,专科,
2696,宁夏建设职业技术学院,4164013151,宁夏回族自治区,银川市,专科,
2697,宁夏葡萄酒与防沙治沙职业技术学院,4164014377,宁夏回族自治区,银川市,专科,
2698,宁夏幼儿师范高等专科学校,4164014498,宁夏回族自治区,银川市,专科,
2699,宁夏艺术职业学院,4164014522,宁夏回族自治区,银川市,专科,
2700,宁夏体育职业学院,4164014624,宁夏回族自治区,银川市,专科,
2701,石嘴山工贸职业技术学院,4164014739,宁夏回族自治区,石嘴山市,专科,
2721,和田师范专科学校,4165010765,新疆维吾尔自治区,和田地区,专科,
2722,新疆农业职业技术学院,4165010995,新疆维吾尔自治区,昌吉回族自治州,专科,
2723,乌鲁木齐职业大学,4165011565,新疆维吾尔自治区,乌鲁木齐市,专科,
2724,新疆维吾尔医学专科学校,4165011818,新疆维吾尔自治区,和田地区,专科,
2725,克拉玛依职业技术学院,4165012482,新疆维吾尔自治区,克拉玛依市,专科,
2726,新疆机电职业技术学院,4165012513,新疆维吾尔自治区,乌鲁木齐市,专科,
2727,新疆轻工职业技术学院,4165012514,新疆维吾尔自治区,乌鲁木齐市,专科,
2728,新疆能源职业技术学院,4165012570,新疆维吾尔自治区教育厅,乌鲁木齐市,专科,民办
2729,昌吉职业技术学院,4165012838,新疆维吾尔自治区,昌吉回族自治州,专科,
2730,伊犁职业技术学院,4165012975,新疆维吾尔自治区,伊犁哈萨克自治州,专科,
2731,阿克苏职业技术学院,4165013093,新疆维吾尔自治区,阿克苏地区,专科,
2732,巴音郭楞职业技术学院,4165013094,新疆维吾尔自治区,巴音郭楞蒙古自治州,专科,
2733,新疆建设职业技术学院,4165013562,新疆维吾尔自治区,乌鲁木齐市,专科,
2734,新疆现代职业技术学院,4165013726,新疆维吾尔自治区教育厅,乌鲁木齐市,专科,民办
2735,新疆交通职业技术学院,4165013926,新疆维吾尔自治区,乌鲁木齐市,专科,
2736,新疆石河子职业技术学院,4165013956,新疆生产建设兵团,石河子市,专科,
2737,新疆职业大学,4165014138,新疆维吾尔自治区,乌鲁木齐市,专科,
2738,新疆体育职业技术学院,4165014416,新疆维吾尔自治区,乌鲁木齐市,专科,
2739,新疆应用职业技术学院,4165014417,新疆维吾尔自治区,伊犁哈萨克自治州,专科,
2740,新疆师范高等专科学校,4165014421,新疆维吾尔自治区,乌鲁木齐市,专科,
2741,新疆铁道职业技术学院,4165014489,新疆维吾尔自治区,乌鲁木齐市,专科,
2742,新疆生产建设兵团兴新职业技术学院,4165014523,新疆生产建设兵团,乌鲁木齐市,专科,
2743,哈密职业技术学院,4165014524,新疆维吾尔自治区,哈密市,专科,
2744,新疆科技职业技术学院,4165014525,新疆维吾尔自治区教育厅,五家渠市,专科,民办
2745,吐鲁番职业技术学院,4165014585,新疆维吾尔自治区,吐鲁番市,专科,
2746,博尔塔拉职业技术学院,4165014622,新疆维吾尔自治区,博尔塔拉蒙古自治州,专科,
2747,和田职业技术学院,4165014652,新疆维吾尔自治区,和田地区,专科,
2748,石河子工程职业技术学院,4165014661,新疆生产建设兵团,石河子市,专科,
2749,喀什职业技术学院,4165014677,新疆维吾尔自治区,喀什地区,专科,
2750,克孜勒苏职业技术学院,4165014678,新疆维吾尔自治区,克孜勒苏柯尔克孜自治州,专科,
2751,新疆科信职业技术学院,4165014679,新疆维吾尔自治区教育厅,乌鲁木齐市,专科,民办
2752,阿勒泰职业技术学院,4165014680,新疆维吾尔自治区,阿勒泰地区,专科,
2753,塔城职业技术学院,4165014740,新疆维吾尔自治区,塔城地区,专科,
2754,塔里木职业技术学院,4165014741,新疆生产建设兵团,阿拉尔市,专科,
2755,新疆工业职业技术学院,4265051060,新疆维吾尔自治区,乌鲁木齐市,专科,
2756,铁门关职业技术学院,4165014660,新疆生产建设兵团,铁门关市,专科,
